Pop	Ind	Batch	Location	Grp	Type
BAK0423	BAK0423_001s	C	BAK	CT	CT_spat
BAK0423	BAK0423_002s	C	BAK	CT	CT_spat
BAK0423	BAK0423_003s	C	BAK	CT	CT_spat
BAK0423	BAK0423_004s	C	BAK	CT	CT_spat
BAK0423	BAK0423_005s	C	BAK	CT	CT_spat
BAK0423	BAK0423_006s	C	BAK	CT	CT_spat
BAK0423	BAK0423_007s	C	BAK	CT	CT_spat
BAK0423	BAK0423_008s	C	BAK	CT	CT_spat
BAK0423	BAK0423_009s	C	BAK	CT	CT_spat
BAK0423	BAK0423_010s	C	BAK	CT	CT_spat
BAK0423	BAK0423_011s	C	BAK	CT	CT_spat
BAK0423	BAK0423_012s	C	BAK	CT	CT_spat
BAK0423	BAK0423_013s	C	BAK	CT	CT_spat
BAK0423	BAK0423_014s	C	BAK	CT	CT_spat
BAK0423	BAK0423_015s	C	BAK	CT	CT_spat
BAK0423	BAK0423_016s	C	BAK	CT	CT_spat
BAK0423	BAK0423_018s	C	BAK	CT	CT_spat
BAK0423	BAK0423_019s	C	BAK	CT	CT_spat
BAK0423	BAK0423_020s	C	BAK	CT	CT_spat
BAK0423	BAK0423_021s	C	BAK	CT	CT_spat
BAK0423	BAK0423_022s	C	BAK	CT	CT_spat
BAK0423	BAK0423_023s	C	BAK	CT	CT_spat
BAK0423	BAK0423_024s	C	BAK	CT	CT_spat
BAK0423	BAK0423_025s	C	BAK	CT	CT_spat
BAK0423	BAK0423_026s	C	BAK	CT	CT_spat
BAK0423	BAK0423_027s	C	BAK	CT	CT_spat
BAK0423	BAK0423_028s	C	BAK	CT	CT_spat
BAK0423	BAK0423_029s	C	BAK	CT	CT_spat
BAK0423	BAK0423_030s	C	BAK	CT	CT_spat
BAK0423	BAK0423_031s	C	BAK	CT	CT_spat
BAK0423	BAK0423_032s	C	BAK	CT	CT_spat
BAK0423	BAK0423_033s	C	BAK	CT	CT_spat
BAK0423	BAK0423_034s	C	BAK	CT	CT_spat
BAK0423	BAK0423_035s	C	BAK	CT	CT_spat
BAK0423	BAK0423_036s	C	BAK	CT	CT_spat
BAK0423	BAK0423_037s	C	BAK	CT	CT_spat
BAK0423	BAK0423_038s	C	BAK	CT	CT_spat
BAK0423	BAK0423_039s	C	BAK	CT	CT_spat
BAK0423	BAK0423_040s	C	BAK	CT	CT_spat
BAK0423	BAK0423_041s	C	BAK	CT	CT_spat
BAK0423	BAK0423_042s	C	BAK	CT	CT_spat
BAK0423	BAK0423_043s	C	BAK	CT	CT_spat
BAK0423	BAK0423_044s	C	BAK	CT	CT_spat
BAK0423	BAK0423_045s	C	BAK	CT	CT_spat
BAK0423	BAK0423_046s	C	BAK	CT	CT_spat
BAK0423	BAK0423_047s	C	BAK	CT	CT_spat
BAK0423	BAK0423_048s	C	BAK	CT	CT_spat
BAK0423	BAK0423_049s	C	BAK	CT	CT_spat
BAK0423	BAK0423_050s	C	BAK	CT	CT_spat
BAK0423	BAK0423_051s	C	BAK	CT	CT_spat
BAK0423	BAK0423_052s	C	BAK	CT	CT_spat
BAK0423	BAK0423_053s	C	BAK	CT	CT_spat
BAK0423	BAK0423_054s	C	BAK	CT	CT_spat
BAK0423	BAK0423_055s	C	BAK	CT	CT_spat
Cv5785	Cv5785_01	C	Cv5785	CT	CT_adult
Cv5785	Cv5785_02	C	Cv5785	CT	CT_adult
Cv5785	Cv5785_03	C	Cv5785	CT	CT_adult
Cv5785	Cv5785_04	C	Cv5785	CT	CT_adult
Cv5785	Cv5785_05	C	Cv5785	CT	CT_adult
Cv5785	Cv5785_06	C	Cv5785	CT	CT_adult
Cv5785	Cv5785_07	C	Cv5785	CT	CT_adult
Cv5785	Cv5785_08	C	Cv5785	CT	CT_adult
Cv5785	Cv5785_09	C	Cv5785	CT	CT_adult
Cv5785	Cv5785_10	C	Cv5785	CT	CT_adult
Cv5785	Cv5785_11	C	Cv5785	CT	CT_adult
Cv5785	Cv5785_12	C	Cv5785	CT	CT_adult
Cv5785	Cv5785_13	C	Cv5785	CT	CT_adult
Cv5785	Cv5785_14	C	Cv5785	CT	CT_adult
Cv5785	Cv5785_15	C	Cv5785	CT	CT_adult
Cv5785	Cv5785_16	C	Cv5785	CT	CT_adult
Cv5785	Cv5785_17	C	Cv5785	CT	CT_adult
Cv5785	Cv5785_18	C	Cv5785	CT	CT_adult
Cv5785	Cv5785_19	C	Cv5785	CT	CT_adult
Cv5785	Cv5785_20	C	Cv5785	CT	CT_adult
Cv5785	Cv5785_21	C	Cv5785	CT	CT_adult
Cv5785	Cv5785_22	C	Cv5785	CT	CT_adult
Cv5785	Cv5785_23	C	Cv5785	CT	CT_adult
Cv5785	Cv5785_24	C	Cv5785	CT	CT_adult
Cv5785	Cv5785_25	C	Cv5785	CT	CT_adult
Cv5785	Cv5785_26	C	Cv5785	CT	CT_adult
Cv5785	Cv5785_27	C	Cv5785	CT	CT_adult
Cv5785	Cv5785_28	C	Cv5785	CT	CT_adult
Cv5785	Cv5785_29	C	Cv5785	CT	CT_adult
Cv5785	Cv5785_30	C	Cv5785	CT	CT_adult
AQ_2	Cv5786_01	C	AQ_2	AQ_2	AQ_2
AQ_2	Cv5786_02	C	AQ_2	AQ_2	AQ_2
AQ_2	Cv5786_03	C	AQ_2	AQ_2	AQ_2
AQ_2	Cv5786_04	C	AQ_2	AQ_2	AQ_2
AQ_2	Cv5786_05	C	AQ_2	AQ_2	AQ_2
AQ_2	Cv5786_06	C	AQ_2	AQ_2	AQ_2
AQ_2	Cv5786_07	C	AQ_2	AQ_2	AQ_2
AQ_2	Cv5786_08	C	AQ_2	AQ_2	AQ_2
AQ_2	Cv5786_09	C	AQ_2	AQ_2	AQ_2
AQ_2	Cv5786_10	C	AQ_2	AQ_2	AQ_2
AQ_2	Cv5786_11	C	AQ_2	AQ_2	AQ_2
AQ_2	Cv5786_12	C	AQ_2	AQ_2	AQ_2
AQ_2	Cv5786_13	C	AQ_2	AQ_2	AQ_2
AQ_2	Cv5786_14	C	AQ_2	AQ_2	AQ_2
AQ_2	Cv5786_15	C	AQ_2	AQ_2	AQ_2
AQ_2	Cv5786_16	C	AQ_2	AQ_2	AQ_2
AQ_2	Cv5786_17	C	AQ_2	AQ_2	AQ_2
AQ_2	Cv5786_18	C	AQ_2	AQ_2	AQ_2
AQ_2	Cv5786_19	C	AQ_2	AQ_2	AQ_2
AQ_2	Cv5786_20	C	AQ_2	AQ_2	AQ_2
AQ_2	Cv5786_21	C	AQ_2	AQ_2	AQ_2
AQ_2	Cv5786_22	C	AQ_2	AQ_2	AQ_2
AQ_2	Cv5786_23	C	AQ_2	AQ_2	AQ_2
AQ_2	Cv5786_24	C	AQ_2	AQ_2	AQ_2
AQ_2	Cv5786_25	C	AQ_2	AQ_2	AQ_2
AQ_2	Cv5786_26	C	AQ_2	AQ_2	AQ_2
AQ_2	Cv5786_27	C	AQ_2	AQ_2	AQ_2
AQ_2	Cv5786_28	C	AQ_2	AQ_2	AQ_2
AQ_2	Cv5786_29	C	AQ_2	AQ_2	AQ_2
AQ_2	Cv5786_30	C	AQ_2	AQ_2	AQ_2
AQ_1	FI1012_001	C	AQ_1	AQ_1	AQ_1
AQ_1	FI1012_002	C	AQ_1	AQ_1	AQ_1
AQ_1	FI1012_003	C	AQ_1	AQ_1	AQ_1
AQ_1	FI1012_004	C	AQ_1	AQ_1	AQ_1
AQ_1	FI1012_005	C	AQ_1	AQ_1	AQ_1
AQ_1	FI1012_006	C	AQ_1	AQ_1	AQ_1
AQ_1	FI1012_007	C	AQ_1	AQ_1	AQ_1
AQ_1	FI1012_008	C	AQ_1	AQ_1	AQ_1
AQ_1	FI1012_009	C	AQ_1	AQ_1	AQ_1
AQ_1	FI1012_010	C	AQ_1	AQ_1	AQ_1
AQ_1	FI1012_011	C	AQ_1	AQ_1	AQ_1
AQ_1	FI1012_012	C	AQ_1	AQ_1	AQ_1
AQ_1	FI1012_013	C	AQ_1	AQ_1	AQ_1
AQ_1	FI1012_014	C	AQ_1	AQ_1	AQ_1
AQ_1	FI1012_015	C	AQ_1	AQ_1	AQ_1
AQ_1	FI1012_016	C	AQ_1	AQ_1	AQ_1
AQ_1	FI1012_017	C	AQ_1	AQ_1	AQ_1
AQ_1	FI1012_019	C	AQ_1	AQ_1	AQ_1
AQ_1	FI1012_020	C	AQ_1	AQ_1	AQ_1
AQ_1	FI1012_021	C	AQ_1	AQ_1	AQ_1
AQ_1	FIS1013a_001	C	AQ_1	AQ_1	AQ_1
AQ_1	FIS1013a_002	C	AQ_1	AQ_1	AQ_1
AQ_1	FIS1013a_003	C	AQ_1	AQ_1	AQ_1
AQ_1	FIS1013a_004	C	AQ_1	AQ_1	AQ_1
AQ_1	FIS1013a_005	C	AQ_1	AQ_1	AQ_1
AQ_1	FIS1013a_006	C	AQ_1	AQ_1	AQ_1
AQ_1	FIS1013a_007	C	AQ_1	AQ_1	AQ_1
AQ_1	FIS1013a_008	C	AQ_1	AQ_1	AQ_1
AQ_1	FIS1013a_009	C	AQ_1	AQ_1	AQ_1
AQ_1	FIS1013a_010	C	AQ_1	AQ_1	AQ_1
AQ_1	FIS1013a_011	C	AQ_1	AQ_1	AQ_1
AQ_1	FIS1013a_012	C	AQ_1	AQ_1	AQ_1
AQ_1	FIS1013a_013	C	AQ_1	AQ_1	AQ_1
AQ_1	FIS1013a_014	C	AQ_1	AQ_1	AQ_1
AQ_1	FIS1013a_015	C	AQ_1	AQ_1	AQ_1
AQ_1	FIS1013a_016	C	AQ_1	AQ_1	AQ_1
AQ_1	FIS1013a_017	C	AQ_1	AQ_1	AQ_1
AQ_1	FIS1013a_018	C	AQ_1	AQ_1	AQ_1
AQ_1	FIS1013a_019	C	AQ_1	AQ_1	AQ_1
AQ_1	FIS1013a_020	C	AQ_1	AQ_1	AQ_1
AQ_1	FIS1013a_021	C	AQ_1	AQ_1	AQ_1
AQ_1	FIS1013a_022	C	AQ_1	AQ_1	AQ_1
AQ_1	FIS1013a_023	C	AQ_1	AQ_1	AQ_1
AQ_1	FIS1013a_024	C	AQ_1	AQ_1	AQ_1
AQ_1	FIS1013a_025	C	AQ_1	AQ_1	AQ_1
AQ_1	FIS1013a_026	C	AQ_1	AQ_1	AQ_1
AQ_1	FIS1013a_027	C	AQ_1	AQ_1	AQ_1
AQ_1	FIS1013a_028	C	AQ_1	AQ_1	AQ_1
AQ_1	FIS1013a_029	C	AQ_1	AQ_1	AQ_1
AQ_1	FIS1013a_030	C	AQ_1	AQ_1	AQ_1
GOO0423	GOO0423_001s	C	GOO	CT	CT_spat
GOO0423	GOO0423_002s	C	GOO	CT	CT_spat
GOO0423	GOO0423_003s	C	GOO	CT	CT_spat
GOO0423	GOO0423_004s	C	GOO	CT	CT_spat
GOO0423	GOO0423_006s	C	GOO	CT	CT_spat
GOO0423	GOO0423_007s	C	GOO	CT	CT_spat
GOO0423	GOO0423_008s	C	GOO	CT	CT_spat
GOO0423	GOO0423_009s	C	GOO	CT	CT_spat
GOO0423	GOO0423_010s	C	GOO	CT	CT_spat
GOO0423	GOO0423_011s	C	GOO	CT	CT_spat
GOO0423	GOO0423_012s	C	GOO	CT	CT_spat
GOO0423	GOO0423_013s	C	GOO	CT	CT_spat
GOO0423	GOO0423_014s	C	GOO	CT	CT_spat
GOO0423	GOO0423_015s	C	GOO	CT	CT_spat
GOO0423	GOO0423_016s	C	GOO	CT	CT_spat
GOO0423	GOO0423_018s	C	GOO	CT	CT_spat
GOO0423	GOO0423_019s	C	GOO	CT	CT_spat
GOO0423	GOO0423_020s	C	GOO	CT	CT_spat
GOO0423	GOO0423_021s	C	GOO	CT	CT_spat
GOO0423	GOO0423_022s	C	GOO	CT	CT_spat
GOO0423	GOO0423_023s	C	GOO	CT	CT_spat
GOO0423	GOO0423_024s	C	GOO	CT	CT_spat
GOO0423	GOO0423_025s	C	GOO	CT	CT_spat
GOO0423	GOO0423_026s	C	GOO	CT	CT_spat
GOO0423	GOO0423_027s	C	GOO	CT	CT_spat
GOO0423	GOO0423_028s	C	GOO	CT	CT_spat
GOO0423	GOO0423_029s	C	GOO	CT	CT_spat
GOO0423	GOO0423_030s	C	GOO	CT	CT_spat
GOO0423	GOO0423_031s	C	GOO	CT	CT_spat
GOO0423	GOO0423_032s	C	GOO	CT	CT_spat
GOO0423	GOO0423_033s	C	GOO	CT	CT_spat
GOO0423	GOO0423_034s	C	GOO	CT	CT_spat
GOO0423	GOO0423_035s	C	GOO	CT	CT_spat
GOO0423	GOO0423_036s	C	GOO	CT	CT_spat
GOO0423	GOO0423_037s	C	GOO	CT	CT_spat
GOO0423	GOO0423_038s	C	GOO	CT	CT_spat
GOO0423	GOO0423_039s	C	GOO	CT	CT_spat
GOO0423	GOO0423_040s	C	GOO	CT	CT_spat
GOO0423	GOO0423_041s	C	GOO	CT	CT_spat
GOO0423	GOO0423_042s	C	GOO	CT	CT_spat
GOO0423	GOO0423_043s	C	GOO	CT	CT_spat
GOO0423	GOO0423_044s	C	GOO	CT	CT_spat
GOO0423	GOO0423_045s	C	GOO	CT	CT_spat
HAM0423	HAM0423_001s	C	HAM	CT	CT_spat
HAM0423	HAM0423_002s	C	HAM	CT	CT_spat
HAM0423	HAM0423_003s	C	HAM	CT	CT_spat
HAM0423	HAM0423_004s	C	HAM	CT	CT_spat
HAM0423	HAM0423_005s	C	HAM	CT	CT_spat
HAM0423	HAM0423_006s	C	HAM	CT	CT_spat
HAM0423	HAM0423_007s	C	HAM	CT	CT_spat
HAM0423	HAM0423_008s	C	HAM	CT	CT_spat
HAM0423	HAM0423_009s	C	HAM	CT	CT_spat
HAM0423	HAM0423_010s	C	HAM	CT	CT_spat
HAM0423	HAM0423_011s	C	HAM	CT	CT_spat
HAM0423	HAM0423_012s	C	HAM	CT	CT_spat
HAM0423	HAM0423_013s	C	HAM	CT	CT_spat
HAM0423	HAM0423_014s	C	HAM	CT	CT_spat
HAM0423	HAM0423_015s	C	HAM	CT	CT_spat
HAM0423	HAM0423_016s	C	HAM	CT	CT_spat
HAM0423	HAM0423_017s	C	HAM	CT	CT_spat
HAM0423	HAM0423_018s	C	HAM	CT	CT_spat
HAM0423	HAM0423_019s	C	HAM	CT	CT_spat
HAM0423	HAM0423_020s	C	HAM	CT	CT_spat
HAM0423	HAM0423_021s	C	HAM	CT	CT_spat
HAM0423	HAM0423_022s	C	HAM	CT	CT_spat
HAM0423	HAM0423_023s	C	HAM	CT	CT_spat
HAM0423	HAM0423_024s	C	HAM	CT	CT_spat
HAM0423	HAM0423_025s	C	HAM	CT	CT_spat
HAM0423	HAM0423_026s	C	HAM	CT	CT_spat
HAM0423	HAM0423_027s	C	HAM	CT	CT_spat
HAM0423	HAM0423_028s	C	HAM	CT	CT_spat
HAM0423	HAM0423_029s	C	HAM	CT	CT_spat
HAM0423	HAM0423_030s	C	HAM	CT	CT_spat
HAM0423	HAM0423_031s	C	HAM	CT	CT_spat
HAM0423	HAM0423_032s	C	HAM	CT	CT_spat
HAM0423	HAM0423_033s	C	HAM	CT	CT_spat
HAM0423	HAM0423_034s	C	HAM	CT	CT_spat
HAM0423	HAM0423_035s	C	HAM	CT	CT_spat
HAM0423	HAM0423_036s	C	HAM	CT	CT_spat
HAM0423	HAM0423_037s	C	HAM	CT	CT_spat
HAM0423	HAM0423_038s	C	HAM	CT	CT_spat
HAM0423	HAM0423_039s	C	HAM	CT	CT_spat
HAM0423	HAM0423_040s	C	HAM	CT	CT_spat
HAM0423	HAM0423_041s	C	HAM	CT	CT_spat
HAM0423	HAM0423_042s	C	HAM	CT	CT_spat
HAM0423	HAM0423_043s	C	HAM	CT	CT_spat
HAM0423	HAM0423_044s	C	HAM	CT	CT_spat
Hudson	HH1013a_003	C	Hudson	Hudson	Hudson
Hudson	HH1013a_009	C	Hudson	Hudson	Hudson
Hudson	HH1013a_010	C	Hudson	Hudson	Hudson
Hudson	HH1013a_017	C	Hudson	Hudson	Hudson
Hudson	HH1013s_002	C	Hudson	Hudson	Hudson
Hudson	HH1013s_003	C	Hudson	Hudson	Hudson
Hudson	HH1013s_004	C	Hudson	Hudson	Hudson
Hudson	HH1013s_005	C	Hudson	Hudson	Hudson
Hudson	HH1013s_006	C	Hudson	Hudson	Hudson
Hudson	HH1013s_007	C	Hudson	Hudson	Hudson
Hudson	HH1013s_009	C	Hudson	Hudson	Hudson
Hudson	HH1013s_010	C	Hudson	Hudson	Hudson
Hudson	HH1013s_013	C	Hudson	Hudson	Hudson
Hudson	HH1013s_014	C	Hudson	Hudson	Hudson
Hudson	HH1013s_016	C	Hudson	Hudson	Hudson
Hudson	HH1013s_018	C	Hudson	Hudson	Hudson
Hudson	HH1013s_019	C	Hudson	Hudson	Hudson
Hudson	HH1013s_020	C	Hudson	Hudson	Hudson
Hudson	HH1013s_021	C	Hudson	Hudson	Hudson
Hudson	HH1013s_022	C	Hudson	Hudson	Hudson
Hudson	HH1013s_024	C	Hudson	Hudson	Hudson
Hudson	HH1013s_028	C	Hudson	Hudson	Hudson
Hudson	HH1013s_029	C	Hudson	Hudson	Hudson
Hudson	HH1013s_030	C	Hudson	Hudson	Hudson
Hudson	HH1013s_031	C	Hudson	Hudson	Hudson
Hudson	HH1013s_033	C	Hudson	Hudson	Hudson
Hudson	HRP22_001	C	Hudson	Hudson	Hudson
Hudson	HRP22_002	C	Hudson	Hudson	Hudson
Hudson	HRP22_003	C	Hudson	Hudson	Hudson
Hudson	HRP22_004	C	Hudson	Hudson	Hudson
Hudson	HRP22_005	C	Hudson	Hudson	Hudson
Hudson	HRP22_006	C	Hudson	Hudson	Hudson
Hudson	HRP22_007	C	Hudson	Hudson	Hudson
Hudson	HRP22_008	C	Hudson	Hudson	Hudson
Hudson	HRP22_009	C	Hudson	Hudson	Hudson
Hudson	HRP22_010	C	Hudson	Hudson	Hudson
Hudson	HRP22_011	C	Hudson	Hudson	Hudson
Hudson	HRP22_012	C	Hudson	Hudson	Hudson
Hudson	HRP22_013	C	Hudson	Hudson	Hudson
Hudson	HRP22_014	C	Hudson	Hudson	Hudson
Hudson	HRP22_016	C	Hudson	Hudson	Hudson
Hudson	HRP22_017	C	Hudson	Hudson	Hudson
Hudson	HRP22_018	C	Hudson	Hudson	Hudson
Hudson	HRP22_019	C	Hudson	Hudson	Hudson
Hudson	HRP22_020	C	Hudson	Hudson	Hudson
Hudson	HRP22_021	C	Hudson	Hudson	Hudson
Hudson	HRP22_022	C	Hudson	Hudson	Hudson
Hudson	HRP22_023	C	Hudson	Hudson	Hudson
Hudson	HRP22_024	C	Hudson	Hudson	Hudson
Hudson	HRP22_026	C	Hudson	Hudson	Hudson
LOP0423	LOP0423_001s	C	LOP	CT	CT_spat
LOP0423	LOP0423_002s	C	LOP	CT	CT_spat
LOP0423	LOP0423_003s	C	LOP	CT	CT_spat
LOP0423	LOP0423_004s	C	LOP	CT	CT_spat
LOP0423	LOP0423_005s	C	LOP	CT	CT_spat
LOP0423	LOP0423_006s	C	LOP	CT	CT_spat
LOP0423	LOP0423_007s	C	LOP	CT	CT_spat
LOP0423	LOP0423_008s	C	LOP	CT	CT_spat
LOP0423	LOP0423_009s	C	LOP	CT	CT_spat
LOP0423	LOP0423_010s	C	LOP	CT	CT_spat
LOP0423	LOP0423_011s	C	LOP	CT	CT_spat
LOP0423	LOP0423_012s	C	LOP	CT	CT_spat
LOP0423	LOP0423_013s	C	LOP	CT	CT_spat
LOP0423	LOP0423_014s	C	LOP	CT	CT_spat
LOP0423	LOP0423_015s	C	LOP	CT	CT_spat
LOP0423	LOP0423_016s	C	LOP	CT	CT_spat
LOP0423	LOP0423_017s	C	LOP	CT	CT_spat
LOP0423	LOP0423_018s	C	LOP	CT	CT_spat
LOP0423	LOP0423_019s	C	LOP	CT	CT_spat
LOP0423	LOP0423_020s	C	LOP	CT	CT_spat
LOP0423	LOP0423_021s	C	LOP	CT	CT_spat
LOP0423	LOP0423_022s	C	LOP	CT	CT_spat
LOP0423	LOP0423_023s	C	LOP	CT	CT_spat
LOP0423	LOP0423_025s	C	LOP	CT	CT_spat
LOP0423	LOP0423_026s	C	LOP	CT	CT_spat
LOP0423	LOP0423_027s	C	LOP	CT	CT_spat
LOP0423	LOP0423_028s	C	LOP	CT	CT_spat
LOP0423	LOP0423_029s	C	LOP	CT	CT_spat
LOP0423	LOP0423_030s	C	LOP	CT	CT_spat
LOP0423	LOP0423_031s	C	LOP	CT	CT_spat
LOP0423	LOP0423_032s	C	LOP	CT	CT_spat
LOP0423	LOP0423_033s	C	LOP	CT	CT_spat
LOP0423	LOP0423_034s	C	LOP	CT	CT_spat
LOP0423	LOP0423_035s	C	LOP	CT	CT_spat
LOP0423	LOP0423_036s	C	LOP	CT	CT_spat
LOP0423	LOP0423_037s	C	LOP	CT	CT_spat
LOP0423	LOP0423_038s	C	LOP	CT	CT_spat
LOP0423	LOP0423_039s	C	LOP	CT	CT_spat
LOP0423	LOP0423_040s	C	LOP	CT	CT_spat
LOP0423	LOP0423_041s	C	LOP	CT	CT_spat
LOP0423	LOP0423_042s	C	LOP	CT	CT_spat
LOP0423	LOP0423_043s	C	LOP	CT	CT_spat
LOP0423	LOP0423_044s	C	LOP	CT	CT_spat
LOP0423	LOP0423_045s	C	LOP	CT	CT_spat
LOP0423	LOP0423_046s	C	LOP	CT	CT_spat
LOP0423	LOP0423_047s	C	LOP	CT	CT_spat
LOP0423	LOP0423_048s	C	LOP	CT	CT_spat
LOP0423	LOP0423_049s	C	LOP	CT	CT_spat
LOP0423	LOP0423_050s	C	LOP	CT	CT_spat
LOP0423	LOP0423_051s	C	LOP	CT	CT_spat
LOP0423	LOP0423_052s	C	LOP	CT	CT_spat
LOP0423	LOP0423_053s	C	LOP	CT	CT_spat
LOP0423	LOP0423_054s	C	LOP	CT	CT_spat
LOP0423	LOP0423_055s	C	LOP	CT	CT_spat
MCK0423	MCK0423_001s	C	MCK	CT	CT_spat
MCK0423	MCK0423_002s	C	MCK	CT	CT_spat
MCK0423	MCK0423_003s	C	MCK	CT	CT_spat
MCK0423	MCK0423_004s	C	MCK	CT	CT_spat
MCK0423	MCK0423_005s	C	MCK	CT	CT_spat
MCK0423	MCK0423_006s	C	MCK	CT	CT_spat
MCK0423	MCK0423_007s	C	MCK	CT	CT_spat
MCK0423	MCK0423_008s	C	MCK	CT	CT_spat
MCK0423	MCK0423_009s	C	MCK	CT	CT_spat
MCK0423	MCK0423_010s	C	MCK	CT	CT_spat
MCK0423	MCK0423_011s	C	MCK	CT	CT_spat
MCK0423	MCK0423_012s	C	MCK	CT	CT_spat
MCK0423	MCK0423_013s	C	MCK	CT	CT_spat
MCK0423	MCK0423_014s	C	MCK	CT	CT_spat
MCK0423	MCK0423_015s	C	MCK	CT	CT_spat
MCK0423	MCK0423_016s	C	MCK	CT	CT_spat
MCK0423	MCK0423_017s	C	MCK	CT	CT_spat
MCK0423	MCK0423_018s	C	MCK	CT	CT_spat
MCK0423	MCK0423_019s	C	MCK	CT	CT_spat
MCK0423	MCK0423_020s	C	MCK	CT	CT_spat
MCK0423	MCK0423_021s	C	MCK	CT	CT_spat
MCK0423	MCK0423_022s	C	MCK	CT	CT_spat
MCK0423	MCK0423_023s	C	MCK	CT	CT_spat
MCK0423	MCK0423_024s	C	MCK	CT	CT_spat
MCK0423	MCK0423_025s	C	MCK	CT	CT_spat
MCK0423	MCK0423_026s	C	MCK	CT	CT_spat
MCK0423	MCK0423_027s	C	MCK	CT	CT_spat
MCK0423	MCK0423_028s	C	MCK	CT	CT_spat
MCK0423	MCK0423_029s	C	MCK	CT	CT_spat
MCK0423	MCK0423_030s	C	MCK	CT	CT_spat
MCK0423	MCK0423_031s	C	MCK	CT	CT_spat
MCK0423	MCK0423_032s	C	MCK	CT	CT_spat
MCK0423	MCK0423_033s	C	MCK	CT	CT_spat
MCK0423	MCK0423_034s	C	MCK	CT	CT_spat
MCK0423	MCK0423_035s	C	MCK	CT	CT_spat
MCK0423	MCK0423_036s	C	MCK	CT	CT_spat
MCK0423	MCK0423_037s	C	MCK	CT	CT_spat
MIH0423	MIH0423_001s	C	MIH	CT	CT_spat
MIH0423	MIH0423_002s	C	MIH	CT	CT_spat
MIH0423	MIH0423_003s	C	MIH	CT	CT_spat
MIH0423	MIH0423_004s	C	MIH	CT	CT_spat
MIH0423	MIH0423_005s	C	MIH	CT	CT_spat
MIH0423	MIH0423_006s	C	MIH	CT	CT_spat
MIH0423	MIH0423_007s	C	MIH	CT	CT_spat
MIH0423	MIH0423_008s	C	MIH	CT	CT_spat
MIH0423	MIH0423_009s	C	MIH	CT	CT_spat
MIH0423	MIH0423_010s	C	MIH	CT	CT_spat
MIH0423	MIH0423_011s	C	MIH	CT	CT_spat
MIH0423	MIH0423_012s	C	MIH	CT	CT_spat
MIH0423	MIH0423_013s	C	MIH	CT	CT_spat
MIH0423	MIH0423_014s	C	MIH	CT	CT_spat
MIH0423	MIH0423_015s	C	MIH	CT	CT_spat
MIH0423	MIH0423_016s	C	MIH	CT	CT_spat
MIH0423	MIH0423_017s	C	MIH	CT	CT_spat
MIH0423	MIH0423_018s	C	MIH	CT	CT_spat
MIH0423	MIH0423_019s	C	MIH	CT	CT_spat
MIH0423	MIH0423_020s	C	MIH	CT	CT_spat
MIH0423	MIH0423_021s	C	MIH	CT	CT_spat
MIH0423	MIH0423_022s	C	MIH	CT	CT_spat
MIH0423	MIH0423_023s	C	MIH	CT	CT_spat
MIH0423	MIH0423_024s	C	MIH	CT	CT_spat
MIH0423	MIH0423_025s	C	MIH	CT	CT_spat
MIH0423	MIH0423_026s	C	MIH	CT	CT_spat
MIH0423	MIH0423_027s	C	MIH	CT	CT_spat
MIH0423	MIH0423_028s	C	MIH	CT	CT_spat
MIH0423	MIH0423_029s	C	MIH	CT	CT_spat
MIH0423	MIH0423_030s	C	MIH	CT	CT_spat
MIH0423	MIH0423_031s	C	MIH	CT	CT_spat
MIH0423	MIH0423_032s	C	MIH	CT	CT_spat
MIH0423	MIH0423_033s	C	MIH	CT	CT_spat
MIH0423	MIH0423_034s	C	MIH	CT	CT_spat
MIH0423	MIH0423_035s	C	MIH	CT	CT_spat
MIH0423	MIH0423_036s	C	MIH	CT	CT_spat
MIH0423	MIH0423_037s	C	MIH	CT	CT_spat
MIH0423	MIH0423_038s	C	MIH	CT	CT_spat
MIH0423	MIH0423_039s	C	MIH	CT	CT_spat
MIH0423	MIH0423_040s	C	MIH	CT	CT_spat
MIH0423	MIH0423_041s	C	MIH	CT	CT_spat
MIH0423	MIH0423_042s	C	MIH	CT	CT_spat
NRH0423	NRH0423_001s	C	NRH	CT	CT_spat
NRH0423	NRH0423_002s	C	NRH	CT	CT_spat
NRH0423	NRH0423_003s	C	NRH	CT	CT_spat
NRH0423	NRH0423_004s	C	NRH	CT	CT_spat
NRH0423	NRH0423_005s	C	NRH	CT	CT_spat
NRH0423	NRH0423_006s	C	NRH	CT	CT_spat
NRH0423	NRH0423_007s	C	NRH	CT	CT_spat
NRH0423	NRH0423_008s	C	NRH	CT	CT_spat
NRH0423	NRH0423_009s	C	NRH	CT	CT_spat
NRH0423	NRH0423_010s	C	NRH	CT	CT_spat
NRH0423	NRH0423_011s	C	NRH	CT	CT_spat
NRH0423	NRH0423_012s	C	NRH	CT	CT_spat
NRH0423	NRH0423_013s	C	NRH	CT	CT_spat
NRH0423	NRH0423_014s	C	NRH	CT	CT_spat
NRH0423	NRH0423_015s	C	NRH	CT	CT_spat
NRH0423	NRH0423_016s	C	NRH	CT	CT_spat
NRH0423	NRH0423_017s	C	NRH	CT	CT_spat
NRH0423	NRH0423_018s	C	NRH	CT	CT_spat
NRH0423	NRH0423_019s	C	NRH	CT	CT_spat
NRH0423	NRH0423_020s	C	NRH	CT	CT_spat
NRH0423	NRH0423_021s	C	NRH	CT	CT_spat
NRH0423	NRH0423_022s	C	NRH	CT	CT_spat
NRH0423	NRH0423_023s	C	NRH	CT	CT_spat
NRH0423	NRH0423_024s	C	NRH	CT	CT_spat
NRH0423	NRH0423_025s	C	NRH	CT	CT_spat
NRH0423	NRH0423_026s	C	NRH	CT	CT_spat
NRH0423	NRH0423_027s	C	NRH	CT	CT_spat
NRH0423	NRH0423_028s	C	NRH	CT	CT_spat
NRH0423	NRH0423_029s	C	NRH	CT	CT_spat
NRH0423	NRH0423_030s	C	NRH	CT	CT_spat
NRH0423	NRH0423_031s	C	NRH	CT	CT_spat
NRH0423	NRH0423_032s	C	NRH	CT	CT_spat
NRH0423	NRH0423_033s	C	NRH	CT	CT_spat
NRH0423	NRH0423_034s	C	NRH	CT	CT_spat
NRH0423	NRH0423_035s	C	NRH	CT	CT_spat
NRH0423	NRH0423_036s	C	NRH	CT	CT_spat
NRH0423	NRH0423_037s	C	NRH	CT	CT_spat
NRH0423	NRH0423_038s	C	NRH	CT	CT_spat
NRH0423	NRH0423_039s	C	NRH	CT	CT_spat
NRH0423	NRH0423_040s	C	NRH	CT	CT_spat
NRH0423	NRH0423_041s	C	NRH	CT	CT_spat
NRH0423	NRH0423_042s	C	NRH	CT	CT_spat
SAB0423	SAB0423_001s	C	SAB	CT	CT_spat
SAB0423	SAB0423_002s	C	SAB	CT	CT_spat
SAB0423	SAB0423_003s	C	SAB	CT	CT_spat
SAB0423	SAB0423_004s	C	SAB	CT	CT_spat
SAB0423	SAB0423_005s	C	SAB	CT	CT_spat
SAB0423	SAB0423_006s	C	SAB	CT	CT_spat
SAB0423	SAB0423_007s	C	SAB	CT	CT_spat
SAB0423	SAB0423_008s	C	SAB	CT	CT_spat
SAB0423	SAB0423_009s	C	SAB	CT	CT_spat
SAB0423	SAB0423_010s	C	SAB	CT	CT_spat
SAB0423	SAB0423_011s	C	SAB	CT	CT_spat
SAB0423	SAB0423_012s	C	SAB	CT	CT_spat
SAB0423	SAB0423_013s	C	SAB	CT	CT_spat
SAB0423	SAB0423_014s	C	SAB	CT	CT_spat
SAB0423	SAB0423_015s	C	SAB	CT	CT_spat
SAB0423	SAB0423_016s	C	SAB	CT	CT_spat
SAB0423	SAB0423_017s	C	SAB	CT	CT_spat
SAB0423	SAB0423_018s	C	SAB	CT	CT_spat
SAB0423	SAB0423_019s	C	SAB	CT	CT_spat
SAB0423	SAB0423_020s	C	SAB	CT	CT_spat
SAB0423	SAB0423_021s	C	SAB	CT	CT_spat
SAB0423	SAB0423_022s	C	SAB	CT	CT_spat
SAB0423	SAB0423_023s	C	SAB	CT	CT_spat
SAB0423	SAB0423_024s	C	SAB	CT	CT_spat
SAB0423	SAB0423_025s	C	SAB	CT	CT_spat
SAB0423	SAB0423_026s	C	SAB	CT	CT_spat
SAB0423	SAB0423_027s	C	SAB	CT	CT_spat
SAB0423	SAB0423_028s	C	SAB	CT	CT_spat
SAB0423	SAB0423_029s	C	SAB	CT	CT_spat
SAB0423	SAB0423_030s	C	SAB	CT	CT_spat
SAB0423	SAB0423_031s	C	SAB	CT	CT_spat
SAB0423	SAB0423_032s	C	SAB	CT	CT_spat
SAB0423	SAB0423_033s	C	SAB	CT	CT_spat
SAB0423	SAB0423_035s	C	SAB	CT	CT_spat
SAB0423	SAB0423_036s	C	SAB	CT	CT_spat
SAB0423	SAB0423_037s	C	SAB	CT	CT_spat
SAB0423	SAB0423_038s	C	SAB	CT	CT_spat
SAB0423	SAB0423_039s	C	SAB	CT	CT_spat
SAB0423	SAB0423_040s	C	SAB	CT	CT_spat
SAB0423	SAB0423_041s	C	SAB	CT	CT_spat
SAB0423	SAB0423_042s	C	SAB	CT	CT_spat
SAB0423	SAB0423_043s	C	SAB	CT	CT_spat
SAB0423	SAB0423_044s	C	SAB	CT	CT_spat
SAB0423	SAB0423_045s	C	SAB	CT	CT_spat
SAB0423	SAB0423_046s	C	SAB	CT	CT_spat
SAB0423	SAB0423_047s	C	SAB	CT	CT_spat
SAB0423	SAB0423_048s	C	SAB	CT	CT_spat
SAB0423	SAB0423_049s	C	SAB	CT	CT_spat
SAB0423	SAB0423_050s	C	SAB	CT	CT_spat
SPT22s	SPT22s_001	C	SPT	CT	CT_spat
SPT22s	SPT22s_002	C	SPT	CT	CT_spat
SPT22s	SPT22s_003	C	SPT	CT	CT_spat
SPT22s	SPT22s_004	C	SPT	CT	CT_spat
SPT22s	SPT22s_005	C	SPT	CT	CT_spat
SPT22s	SPT22s_006	C	SPT	CT	CT_spat
SPT22s	SPT22s_007	C	SPT	CT	CT_spat
SPT22s	SPT22s_008	C	SPT	CT	CT_spat
SPT22s	SPT22s_009	C	SPT	CT	CT_spat
SPT22s	SPT22s_010	C	SPT	CT	CT_spat
SPT22s	SPT22s_011	C	SPT	CT	CT_spat
SPT22s	SPT22s_012	C	SPT	CT	CT_spat
SPT22s	SPT22s_013	C	SPT	CT	CT_spat
SPT22s	SPT22s_014	C	SPT	CT	CT_spat
SPT22s	SPT22s_015	C	SPT	CT	CT_spat
SPT22s	SPT22s_016	C	SPT	CT	CT_spat
SPT22s	SPT22s_017	C	SPT	CT	CT_spat
SPT22s	SPT22s_018	C	SPT	CT	CT_spat
SPT22s	SPT22s_019	C	SPT	CT	CT_spat
SPT22s	SPT22s_020	C	SPT	CT	CT_spat
SPT22s	SPT22s_021	C	SPT	CT	CT_spat
SPT22s	SPT22s_022	C	SPT	CT	CT_spat
SPT22s	SPT22s_023	C	SPT	CT	CT_spat
SPT22s	SPT22s_024	C	SPT	CT	CT_spat
SPT22s	SPT22s_025	C	SPT	CT	CT_spat
SPT22s	SPT22s_026	C	SPT	CT	CT_spat
SPT22s	SPT22s_027	C	SPT	CT	CT_spat
SPT22s	SPT22s_028	C	SPT	CT	CT_spat
SPT22s	SPT22s_029	C	SPT	CT	CT_spat
SPT22s	SPT22s_030	C	SPT	CT	CT_spat
SPT22s	SPT22s_031	C	SPT	CT	CT_spat
SPT22s	SPT22s_032	C	SPT	CT	CT_spat
SPT22s	SPT22s_033	C	SPT	CT	CT_spat
SPT22s	SPT22s_034	C	SPT	CT	CT_spat
SPT22s	SPT22s_035	C	SPT	CT	CT_spat
SPT22s	SPT22s_036	C	SPT	CT	CT_spat
SPT22s	SPT22s_037	C	SPT	CT	CT_spat
SPT22s	SPT22s_038	C	SPT	CT	CT_spat
SPT22s	SPT22s_039	C	SPT	CT	CT_spat
SPT22s	SPT22s_040	C	SPT	CT	CT_spat
SPT22s	SPT22s_041	C	SPT	CT	CT_spat
SPT22s	SPT22s_042	C	SPT	CT	CT_spat
SPT22s	SPT22s_043	C	SPT	CT	CT_spat
SPT22s	SPT22s_044	C	SPT	CT	CT_spat
SPT22s	SPT22s_045	C	SPT	CT	CT_spat
SPT22s	SPT22s_047	C	SPT	CT	CT_spat
SPT22s	SPT22s_048	C	SPT	CT	CT_spat
SPT22s	SPT22s_049	C	SPT	CT	CT_spat
SPT22s	SPT22s_050	C	SPT	CT	CT_spat
SPT22s	SPT22s_051	C	SPT	CT	CT_spat
SPT22s	SPT22s_052	C	SPT	CT	CT_spat
SPT22s	SPT22s_053	C	SPT	CT	CT_spat
SPT22s	SPT22s_054	C	SPT	CT	CT_spat
SPT22s	SPT22s_055	C	SPT	CT	CT_spat
SPT22s	SPT22s_056	C	SPT	CT	CT_spat
SPT22s	SPT22s_057	C	SPT	CT	CT_spat
SPT22s	SPT22s_058	C	SPT	CT	CT_spat
SPT22s	SPT22s_059	C	SPT	CT	CT_spat
SPT22s	SPT22s_060	C	SPT	CT	CT_spat
SPT22s	SPT22s_061	C	SPT	CT	CT_spat
SPT22s	SPT22s_062	C	SPT	CT	CT_spat
SPT22s	SPT22s_063	C	SPT	CT	CT_spat
SPT22s	SPT22s_064	C	SPT	CT	CT_spat
SPT22s	SPT22s_065	C	SPT	CT	CT_spat
SPT22s	SPT22s_066	C	SPT	CT	CT_spat
SPT22s	SPT22s_067	C	SPT	CT	CT_spat
SPT22s	SPT22s_068	C	SPT	CT	CT_spat
SPT22s	SPT22s_069	C	SPT	CT	CT_spat
SPT22s	SPT22s_070	C	SPT	CT	CT_spat
SPT22s	SPT22s_071	C	SPT	CT	CT_spat
SPT22s	SPT22s_072	C	SPT	CT	CT_spat
SPT22s	SPT22s_073	C	SPT	CT	CT_spat
SPT22s	SPT22s_074	C	SPT	CT	CT_spat
SPT22s	SPT22s_075	C	SPT	CT	CT_spat
SPT22s	SPT22s_076	C	SPT	CT	CT_spat
SPT22s	SPT22s_077	C	SPT	CT	CT_spat
SPT22s	SPT22s_078	C	SPT	CT	CT_spat
SPT22s	SPT22s_079	C	SPT	CT	CT_spat
SPT22s	SPT22s_080	C	SPT	CT	CT_spat
SPT22s	SPT22s_081	C	SPT	CT	CT_spat
SPT22s	SPT22s_082	C	SPT	CT	CT_spat
SPT22s	SPT22s_083	C	SPT	CT	CT_spat
SPT22s	SPT22s_084	C	SPT	CT	CT_spat
SPT22s	SPT22s_085	C	SPT	CT	CT_spat
SPT22s	SPT22s_086	C	SPT	CT	CT_spat
SPT22s	SPT22s_087	C	SPT	CT	CT_spat
SPT22s	SPT22s_088	C	SPT	CT	CT_spat
SPT22s	SPT22s_089	C	SPT	CT	CT_spat
SPT22s	SPT22s_090	C	SPT	CT	CT_spat
SPT22s	SPT22s_091	C	SPT	CT	CT_spat
SPT22s	SPT22s_092	C	SPT	CT	CT_spat
SPT22s	SPT22s_093	C	SPT	CT	CT_spat
SPT22s	SPT22s_094	C	SPT	CT	CT_spat
SPT22s	SPT22s_095	C	SPT	CT	CT_spat
SPT22s	SPT22s_096	C	SPT	CT	CT_spat
SPT22s	SPT22s_097	C	SPT	CT	CT_spat
SPT22s	SPT22s_098	C	SPT	CT	CT_spat
SPT22s	SPT22s_099	C	SPT	CT	CT_spat
SPT22s	SPT22s_100	C	SPT	CT	CT_spat
SPT22s	SPT22s_101	C	SPT	CT	CT_spat
SPT22s	SPT22s_102	C	SPT	CT	CT_spat
SPT22s	SPT22s_103	C	SPT	CT	CT_spat
SPT22s	SPT22s_104	C	SPT	CT	CT_spat
SPT22s	SPT22s_105	C	SPT	CT	CT_spat
SPT22s	SPT22s_106	C	SPT	CT	CT_spat
SPT22s	SPT22s_107	C	SPT	CT	CT_spat
SPT22s	SPT22s_108	C	SPT	CT	CT_spat
SPT22s	SPT22s_109	C	SPT	CT	CT_spat
SPT22s	SPT22s_110	C	SPT	CT	CT_spat
SPT22s	SPT22s_111	C	SPT	CT	CT_spat
SPT22s	SPT22s_112	C	SPT	CT	CT_spat
SPT22s	SPT22s_113	C	SPT	CT	CT_spat
SPT22s	SPT22s_114	C	SPT	CT	CT_spat
SPT22s	SPT22s_115	C	SPT	CT	CT_spat
SPT22s	SPT22s_116	C	SPT	CT	CT_spat
SPT22s	SPT22s_117	C	SPT	CT	CT_spat
SPT22s	SPT22s_118	C	SPT	CT	CT_spat
SPT22s	SPT22s_119	C	SPT	CT	CT_spat
SPT22s	SPT22s_120	C	SPT	CT	CT_spat
SPT22s	SPT22s_121	C	SPT	CT	CT_spat
SPT22s	SPT22s_122	C	SPT	CT	CT_spat
SPT22s	SPT22s_123	C	SPT	CT	CT_spat
SPT22s	SPT22s_124	C	SPT	CT	CT_spat
SPT22s	SPT22s_126	C	SPT	CT	CT_spat
East	SV0512a_001	C	East	East	East
East	SV0512a_002	C	East	East	East
East	SV0512a_003	C	East	East	East
East	SV0512a_005	C	East	East	East
East	SV0512a_006	C	East	East	East
East	SV0512a_007	C	East	East	East
East	SV0512a_008	C	East	East	East
East	SV0512a_009	C	East	East	East
East	SV0512a_010	C	East	East	East
East	SV0512a_011	C	East	East	East
East	SV0512a_012	C	East	East	East
East	SV0512a_013	C	East	East	East
East	SV0512a_014	C	East	East	East
East	SV0512a_015	C	East	East	East
East	SV0512a_016	C	East	East	East
East	SV0512a_017	C	East	East	East
East	SV0512a_018	C	East	East	East
East	SV0512a_019	C	East	East	East
East	SV0512a_020	C	East	East	East
East	SV0512a_021	C	East	East	East
East	SV0512a_022	C	East	East	East
East	SV0512a_023	C	East	East	East
East	SV0512a_024	C	East	East	East
East	SV0512a_025	C	East	East	East
East	SV1013a_002	C	East	East	East
East	SV1013a_003	C	East	East	East
East	SV1013a_004	C	East	East	East
East	SV1013a_005	C	East	East	East
East	SV1013a_006	C	East	East	East
East	SV1013a_007	C	East	East	East
East	SV1013a_008	C	East	East	East
East	SV1013a_009	C	East	East	East
East	SV1013a_010	C	East	East	East
East	SV1013a_011	C	East	East	East
East	SV1013a_012	C	East	East	East
East	SV1013a_015	C	East	East	East
East	SV1013a_016	C	East	East	East
East	SV1013a_018	C	East	East	East
East	SV1013a_026	C	East	East	East
East	SV1013a_027	C	East	East	East
East	SV1013a_028	C	East	East	East
East	SV1013a_029	C	East	East	East
East	SV1013a_031	C	East	East	East
East	SV1013a_032	C	East	East	East
East	SV1013a_033	C	East	East	East
East	SV1013a_035	C	East	East	East
East	SV1013a_036	C	East	East	East
East	SV1013a_037	C	East	East	East
East	SV1013a_038	C	East	East	East
East	SV1013a_039	C	East	East	East
East	SV1013a_044	C	East	East	East
East	SV1013a_046	C	East	East	East
East	SV1013a_049	C	East	East	East
East	SV1013a_053	C	East	East	East
East	SV1013a_054	C	East	East	East
East	SV1013a_056	C	East	East	East
East	SV1013a_057	C	East	East	East
East	SV1013a_058	C	East	East	East
TOC0423	TOC0423_001s	C	TOC	CT	CT_spat
TOC0423	TOC0423_002s	C	TOC	CT	CT_spat
TOC0423	TOC0423_003s	C	TOC	CT	CT_spat
TOC0423	TOC0423_004s	C	TOC	CT	CT_spat
TOC0423	TOC0423_005s	C	TOC	CT	CT_spat
TOC0423	TOC0423_006s	C	TOC	CT	CT_spat
TOC0423	TOC0423_007s	C	TOC	CT	CT_spat
TOC0423	TOC0423_008s	C	TOC	CT	CT_spat
TOC0423	TOC0423_009s	C	TOC	CT	CT_spat
TOC0423	TOC0423_010s	C	TOC	CT	CT_spat
TOC0423	TOC0423_011s	C	TOC	CT	CT_spat
TOC0423	TOC0423_012s	C	TOC	CT	CT_spat
TOC0423	TOC0423_013s	C	TOC	CT	CT_spat
TOC0423	TOC0423_014s	C	TOC	CT	CT_spat
TOC0423	TOC0423_015s	C	TOC	CT	CT_spat
TOC0423	TOC0423_016s	C	TOC	CT	CT_spat
TOC0423	TOC0423_017s	C	TOC	CT	CT_spat
TOC0423	TOC0423_018s	C	TOC	CT	CT_spat
TOC0423	TOC0423_019s	C	TOC	CT	CT_spat
TOC0423	TOC0423_020s	C	TOC	CT	CT_spat
TOC0423	TOC0423_021s	C	TOC	CT	CT_spat
TOC0423	TOC0423_022s	C	TOC	CT	CT_spat
TOC0423	TOC0423_023s	C	TOC	CT	CT_spat
TOC0423	TOC0423_024s	C	TOC	CT	CT_spat
TOC0423	TOC0423_025s	C	TOC	CT	CT_spat
TOC0423	TOC0423_026s	C	TOC	CT	CT_spat
TOC0423	TOC0423_027s	C	TOC	CT	CT_spat
TOC0423	TOC0423_028s	C	TOC	CT	CT_spat
TOC0423	TOC0423_029s	C	TOC	CT	CT_spat
TOC0423	TOC0423_030s	C	TOC	CT	CT_spat
TOC0423	TOC0423_031s	C	TOC	CT	CT_spat
TOC0423	TOC0423_032s	C	TOC	CT	CT_spat
TOC0423	TOC0423_033s	C	TOC	CT	CT_spat
TOC0423	TOC0423_034s	C	TOC	CT	CT_spat
TOC0423	TOC0423_035s	C	TOC	CT	CT_spat
TOC0423	TOC0423_036s	C	TOC	CT	CT_spat
TOC0423	TOC0423_037s	C	TOC	CT	CT_spat
TOC0423	TOC0423_038s	C	TOC	CT	CT_spat
TOC0423	TOC0423_039s	C	TOC	CT	CT_spat
TOC0423	TOC0423_040s	C	TOC	CT	CT_spat
TOC0423	TOC0423_041s	C	TOC	CT	CT_spat
TOC0423	TOC0423_042s	C	TOC	CT	CT_spat
TOC0423	TOC0423_043s	C	TOC	CT	CT_spat
TOC0423	TOC0423_044s	C	TOC	CT	CT_spat
TOC0423	TOC0423_045s	C	TOC	CT	CT_spat
TOC0423	TOC0423_046s	C	TOC	CT	CT_spat
TOC0423	TOC0423_047s	C	TOC	CT	CT_spat
TOC0423	TOC0423_048s	C	TOC	CT	CT_spat
TOC0423	TOC0423_049s	C	TOC	CT	CT_spat
TOC0423	TOC0423_050s	C	TOC	CT	CT_spat
TOC0423	TOC0423_051s	C	TOC	CT	CT_spat
TOC0423	TOC0423_052s	C	TOC	CT	CT_spat
LIW2	LIW2-4	C	LIW2	CT	CT_adult
LIW2	LIW2-12	C	LIW2	CT	CT_adult
LIW2	LIW2-20	C	LIW2	CT	CT_adult
LIW2	LIW2-28	C	LIW2	CT	CT_adult
LIW1	LIW1-5	C	LIW1	CT	CT_adult
LIW1	LIW1-13	C	LIW1	CT	CT_adult
LIW1	LIW1-21	C	LIW1	CT	CT_adult
LIW1	LIW1-29	C	LIW1	CT	CT_adult
LIW2	LIW2-5	C	LIW2	CT	CT_adult
LIW2	LIW2-34	C	LIW2	CT	CT_adult
LIW2	LIW2-21	C	LIW2	CT	CT_adult
LIW2	LIW2-29	C	LIW2	CT	CT_adult
LIW1	LIW1-6	C	LIW1	CT	CT_adult
LIW1	LIW1-14	C	LIW1	CT	CT_adult
LIW1	LIW1-22	C	LIW1	CT	CT_adult
LIW1	LIW1-30	C	LIW1	CT	CT_adult
LIW2	LIW2-6	C	LIW2	CT	CT_adult
LIW2	LIW2-14	C	LIW2	CT	CT_adult
LIW2	LIW2-22	C	LIW2	CT	CT_adult
LIW2	LIW2-30	C	LIW2	CT	CT_adult
LIW1	LIW1-7	C	LIW1	CT	CT_adult
LIW1	LIW1-15	C	LIW1	CT	CT_adult
LIW1	LIW1-23	C	LIW1	CT	CT_adult
LIW1	LIW1-31	C	LIW1	CT	CT_adult
LIW2	LIW2-7	C	LIW2	CT	CT_adult
LIW2	LIW2-15	C	LIW2	CT	CT_adult
LIW2	LIW2-23	C	LIW2	CT	CT_adult
LIW1	LIW1-8	C	LIW1	CT	CT_adult
LIW1	LIW1-16	C	LIW1	CT	CT_adult
LIW2	LIW2-8	C	LIW2	CT	CT_adult
LIW2	LIW2-16	C	LIW2	CT	CT_adult
LIW2	LIW2-24	C	LIW2	CT	CT_adult
LIW2	LIW2-32	C	LIW2	CT	CT_adult
LIW1	LIW1-47	C	LIW1	CT	CT_adult
AQ_4	UMFS-1	C	AQ_4	AQ_4	AQ_4
AQ_4	UMFS-19	C	AQ_4	AQ_4	AQ_4
AQ_4	UMFS-31	C	AQ_4	AQ_4	AQ_4
AQ_4	UMFS-2	C	AQ_4	AQ_4	AQ_4
AQ_4	UMFS-10	C	AQ_4	AQ_4	AQ_4
AQ_4	UMFS-20	C	AQ_4	AQ_4	AQ_4
AQ_4	UMFS-32	C	AQ_4	AQ_4	AQ_4
AQ_4	UMFS-3	C	AQ_4	AQ_4	AQ_4
AQ_4	UMFS-11	C	AQ_4	AQ_4	AQ_4
AQ_4	UMFS-21	C	AQ_4	AQ_4	AQ_4
AQ_4	UMFS-33	C	AQ_4	AQ_4	AQ_4
AQ_4	UMFS-4	C	AQ_4	AQ_4	AQ_4
AQ_4	UMFS-22	C	AQ_4	AQ_4	AQ_4
AQ_4	UMFS-34	C	AQ_4	AQ_4	AQ_4
AQ_4	UMFS-5	C	AQ_4	AQ_4	AQ_4
AQ_4	UMFS-13	C	AQ_4	AQ_4	AQ_4
AQ_4	UMFS-23	C	AQ_4	AQ_4	AQ_4
AQ_4	UMFS-35	C	AQ_4	AQ_4	AQ_4
AQ_4	UMFS-6	C	AQ_4	AQ_4	AQ_4
AQ_4	UMFS-14	C	AQ_4	AQ_4	AQ_4
AQ_4	UMFS-24	C	AQ_4	AQ_4	AQ_4
AQ_4	UMFS-36	C	AQ_4	AQ_4	AQ_4
AQ_4	UMFS-7	C	AQ_4	AQ_4	AQ_4
AQ_4	UMFS-15	C	AQ_4	AQ_4	AQ_4
AQ_4	UMFS-25	C	AQ_4	AQ_4	AQ_4
AQ_4	UMFS-37	C	AQ_4	AQ_4	AQ_4
AQ_4	UMFS-8	C	AQ_4	AQ_4	AQ_4
AQ_4	UMFS-16	C	AQ_4	AQ_4	AQ_4
AQ_4	UMFS-26	C	AQ_4	AQ_4	AQ_4
AQ_4	UMFS-38	C	AQ_4	AQ_4	AQ_4
AQ_3	NEH1-2	C	AQ_3	AQ_3	AQ_3
AQ_3	NEH1-11	C	AQ_3	AQ_3	AQ_3
AQ_3	NEH1-20	C	AQ_3	AQ_3	AQ_3
AQ_3	NEH1-29	C	AQ_3	AQ_3	AQ_3
AQ_3	NEH2-2	C	AQ_3	AQ_3	AQ_3
AQ_3	NEH2-10	C	AQ_3	AQ_3	AQ_3
AQ_3	NEH2-18	C	AQ_3	AQ_3	AQ_3
AQ_3	NEH2-26	C	AQ_3	AQ_3	AQ_3
AQ_3	NEH1-3	C	AQ_3	AQ_3	AQ_3
AQ_3	NEH1-12	C	AQ_3	AQ_3	AQ_3
AQ_3	NEH1-21	C	AQ_3	AQ_3	AQ_3
AQ_3	NEH1-30	C	AQ_3	AQ_3	AQ_3
AQ_3	NEH2-3	C	AQ_3	AQ_3	AQ_3
AQ_3	NEH2-11	C	AQ_3	AQ_3	AQ_3
AQ_3	NEH2-19	C	AQ_3	AQ_3	AQ_3
AQ_3	NEH2-27	C	AQ_3	AQ_3	AQ_3
AQ_3	NEH1-4	C	AQ_3	AQ_3	AQ_3
AQ_3	NEH1-13	C	AQ_3	AQ_3	AQ_3
AQ_3	NEH1-22	C	AQ_3	AQ_3	AQ_3
AQ_3	NEH1-31	C	AQ_3	AQ_3	AQ_3
AQ_3	NEH2-4	C	AQ_3	AQ_3	AQ_3
AQ_3	NEH2-12	C	AQ_3	AQ_3	AQ_3
AQ_3	NEH2-20	C	AQ_3	AQ_3	AQ_3
AQ_3	NEH2-28	C	AQ_3	AQ_3	AQ_3
AQ_3	NEH1-5	C	AQ_3	AQ_3	AQ_3
AQ_3	NEH1-14	C	AQ_3	AQ_3	AQ_3
AQ_3	NEH1-23	C	AQ_3	AQ_3	AQ_3
AQ_3	NEH1-32	C	AQ_3	AQ_3	AQ_3
AQ_3	NEH2-5	C	AQ_3	AQ_3	AQ_3
AQ_3	NEH2-13	C	AQ_3	AQ_3	AQ_3
AQ_3	NEH2-22	C	AQ_3	AQ_3	AQ_3
AQ_3	NEH2-29	C	AQ_3	AQ_3	AQ_3
AQ_3	NEH1-6	C	AQ_3	AQ_3	AQ_3
AQ_3	NEH1-15	C	AQ_3	AQ_3	AQ_3
AQ_3	NEH1-24	C	AQ_3	AQ_3	AQ_3
AQ_3	NEH1-33	C	AQ_3	AQ_3	AQ_3
AQ_3	NEH2-6	C	AQ_3	AQ_3	AQ_3
AQ_3	NEH2-14	C	AQ_3	AQ_3	AQ_3
AQ_3	NEH2-21	C	AQ_3	AQ_3	AQ_3
AQ_3	NEH2-30	C	AQ_3	AQ_3	AQ_3
AQ_3	NEH1-7	C	AQ_3	AQ_3	AQ_3
AQ_3	NEH1-16	C	AQ_3	AQ_3	AQ_3
AQ_3	NEH1-25	C	AQ_3	AQ_3	AQ_3
AQ_3	NEH1-34	C	AQ_3	AQ_3	AQ_3
AQ_3	NEH2-7	C	AQ_3	AQ_3	AQ_3
AQ_3	NEH2-15	C	AQ_3	AQ_3	AQ_3
AQ_3	NEH2-23	C	AQ_3	AQ_3	AQ_3
AQ_3	NEH2-31	C	AQ_3	AQ_3	AQ_3
AQ_3	NEH1-8	C	AQ_3	AQ_3	AQ_3
AQ_3	NEH1-17	C	AQ_3	AQ_3	AQ_3
AQ_3	NEH1-26	C	AQ_3	AQ_3	AQ_3
AQ_3	NEH1-35	C	AQ_3	AQ_3	AQ_3
AQ_3	NEH2-8	C	AQ_3	AQ_3	AQ_3
AQ_3	NEH2-16	C	AQ_3	AQ_3	AQ_3
AQ_3	NEH2-24	C	AQ_3	AQ_3	AQ_3
AQ_3	NEH2-32	C	AQ_3	AQ_3	AQ_3
AQ_3	NEH1-1	C	AQ_3	AQ_3	AQ_3
AQ_3	NEH1-10	C	AQ_3	AQ_3	AQ_3
AQ_3	NEH1-19	C	AQ_3	AQ_3	AQ_3
AQ_3	NEH1-28	C	AQ_3	AQ_3	AQ_3
AQ_3	NEH2-1	C	AQ_3	AQ_3	AQ_3
AQ_3	NEH2-9	C	AQ_3	AQ_3	AQ_3
AQ_3	NEH2-17	C	AQ_3	AQ_3	AQ_3
AQ_3	NEH2-25	C	AQ_3	AQ_3	AQ_3
LIW1	LIW1-1	C	LIW1	CT	CT_adult
LIW1	LIW1-9	C	LIW1	CT	CT_adult
LIW1	LIW1-17	C	LIW1	CT	CT_adult
LIW1	LIW1-25	C	LIW1	CT	CT_adult
LIW2	LIW2-9	C	LIW2	CT	CT_adult
LIW2	LIW2-17	C	LIW2	CT	CT_adult
LIW2	LIW2-25	C	LIW2	CT	CT_adult
LIW1	LIW1-2	C	LIW1	CT	CT_adult
LIW1	LIW1-10	C	LIW1	CT	CT_adult
LIW1	LIW1-18	C	LIW1	CT	CT_adult
LIW1	LIW1-26	C	LIW1	CT	CT_adult
LIW2	LIW2-2	C	LIW2	CT	CT_adult
LIW2	LIW2-10	C	LIW2	CT	CT_adult
LIW2	LIW2-18	C	LIW2	CT	CT_adult
LIW2	LIW2-26	C	LIW2	CT	CT_adult
LIW1	LIW1-3	C	LIW1	CT	CT_adult
LIW1	LIW1-11	C	LIW1	CT	CT_adult
LIW1	LIW1-19	C	LIW1	CT	CT_adult
LIW1	LIW1-27	C	LIW1	CT	CT_adult
LIW2	LIW2-3	C	LIW2	CT	CT_adult
LIW2	LIW2-11	C	LIW2	CT	CT_adult
LIW2	LIW2-19	C	LIW2	CT	CT_adult
LIW2	LIW2-27	C	LIW2	CT	CT_adult
LIW1	LIW1-4	C	LIW1	CT	CT_adult
LIW1	LIW1-12	C	LIW1	CT	CT_adult
LIW1	LIW1-20	C	LIW1	CT	CT_adult
LIW1	LIW1-28	C	LIW1	CT	CT_adult
ASC0423	ASC0423_001s	C	ASC	CT	CT_spat
ASC0423	ASC0423_002s	C	ASC	CT	CT_spat
ASC0423	ASC0423_003s	C	ASC	CT	CT_spat
ASC0423	ASC0423_004s	C	ASC	CT	CT_spat
ASC0423	ASC0423_005s	C	ASC	CT	CT_spat
ASC0423	ASC0423_006s	C	ASC	CT	CT_spat
ASC0423	ASC0423_007s	C	ASC	CT	CT_spat
ASC0423	ASC0423_008s	C	ASC	CT	CT_spat
ASC0423	ASC0423_009s	C	ASC	CT	CT_spat
ASC0423	ASC0423_010s	C	ASC	CT	CT_spat
ASC0423	ASC0423_011s	C	ASC	CT	CT_spat
ASC0423	ASC0423_012s	C	ASC	CT	CT_spat
ASC0423	ASC0423_013s	C	ASC	CT	CT_spat
ASC0423	ASC0423_014s	C	ASC	CT	CT_spat
ASC0423	ASC0423_015s	C	ASC	CT	CT_spat
ASC0423	ASC0423_016s	C	ASC	CT	CT_spat
ASC0423	ASC0423_017s	C	ASC	CT	CT_spat
ASC0423	ASC0423_018s	C	ASC	CT	CT_spat
ASC0423	ASC0423_019s	C	ASC	CT	CT_spat
ASC0423	ASC0423_020s	C	ASC	CT	CT_spat
ASC0423	ASC0423_021s	C	ASC	CT	CT_spat
ASC0423	ASC0423_022s	C	ASC	CT	CT_spat
ASC0423	ASC0423_023s	C	ASC	CT	CT_spat
ASC0423	ASC0423_024s	C	ASC	CT	CT_spat
ASC0423	ASC0423_025s	C	ASC	CT	CT_spat
ASC0423	ASC0423_026s	C	ASC	CT	CT_spat
ASC0423	ASC0423_027s	C	ASC	CT	CT_spat
ASC0423	ASC0423_028s	C	ASC	CT	CT_spat
ASC0423	ASC0423_029s	C	ASC	CT	CT_spat
ASC0423	ASC0423_030s	C	ASC	CT	CT_spat
ASC0423	ASC0423_031s	C	ASC	CT	CT_spat
ASC0423	ASC0423_032s	C	ASC	CT	CT_spat
ASC0423	ASC0423_033s	C	ASC	CT	CT_spat
ASC0423	ASC0423_034s	C	ASC	CT	CT_spat
ASC0423	ASC0423_035s	C	ASC	CT	CT_spat
ASC0423	ASC0423_036s	C	ASC	CT	CT_spat
ASC0423	ASC0423_037s	C	ASC	CT	CT_spat
ASC0423	ASC0423_038s	C	ASC	CT	CT_spat
ASC0423	ASC0423_039s	C	ASC	CT	CT_spat
ASC0423	ASC0423_040s	C	ASC	CT	CT_spat
ASC0423	ASC0423_041s	C	ASC	CT	CT_spat
ASC0423	ASC0423_042s	C	ASC	CT	CT_spat
ASC0423	ASC0423_043s	C	ASC	CT	CT_spat
ASC0423	ASC0423_044s	C	ASC	CT	CT_spat
ASC0423	ASC0423_045s	C	ASC	CT	CT_spat
ASC0423	ASC0423_046s	C	ASC	CT	CT_spat
ASC0423	ASC0423_047s	C	ASC	CT	CT_spat
ASC0423	ASC0423_048s	C	ASC	CT	CT_spat
ASC0423	ASC0423_049s	C	ASC	CT	CT_spat
ASC0423	ASC0423_050s	C	ASC	CT	CT_spat
EHF0523	EHF0523_001s	C	EHF	CT	CT_spat
EHF0523	EHF0523_002s	C	EHF	CT	CT_spat
EHF0523	EHF0523_003s	C	EHF	CT	CT_spat
EHF0523	EHF0523_004s	C	EHF	CT	CT_spat
EHF0523	EHF0523_005s	C	EHF	CT	CT_spat
EHF0523	EHF0523_006s	C	EHF	CT	CT_spat
EHF0523	EHF0523_007s	C	EHF	CT	CT_spat
EHF0523	EHF0523_008s	C	EHF	CT	CT_spat
EHF0523	EHF0523_009s	C	EHF	CT	CT_spat
EHF0523	EHF0523_010s	C	EHF	CT	CT_spat
EHF0523	EHF0523_011s	C	EHF	CT	CT_spat
EHF0523	EHF0523_012s	C	EHF	CT	CT_spat
EHF0523	EHF0523_013s	C	EHF	CT	CT_spat
EHF0523	EHF0523_014s	C	EHF	CT	CT_spat
EHF0523	EHF0523_015s	C	EHF	CT	CT_spat
EHF0523	EHF0523_016s	C	EHF	CT	CT_spat
EHF0523	EHF0523_017s	C	EHF	CT	CT_spat
EHF0523	EHF0523_018s	C	EHF	CT	CT_spat
EHF0523	EHF0523_019s	C	EHF	CT	CT_spat
EHF0523	EHF0523_020s	C	EHF	CT	CT_spat
EHF0523	EHF0523_021s	C	EHF	CT	CT_spat
EHF0523	EHF0523_022s	C	EHF	CT	CT_spat
EHF0523	EHF0523_023s	C	EHF	CT	CT_spat
EHF0523	EHF0523_024s	C	EHF	CT	CT_spat
EHF0523	EHF0523_025s	C	EHF	CT	CT_spat
EHF0523	EHF0523_026s	C	EHF	CT	CT_spat
EHF0523	EHF0523_027s	C	EHF	CT	CT_spat
EHF0523	EHF0523_028s	C	EHF	CT	CT_spat
EHF0523	EHF0523_029s	C	EHF	CT	CT_spat
EHF0523	EHF0523_030s	C	EHF	CT	CT_spat
EHF0523	EHF0523_031s	C	EHF	CT	CT_spat
EHF0523	EHF0523_032s	C	EHF	CT	CT_spat
EHF0523	EHF0523_033s	C	EHF	CT	CT_spat
EHF0523	EHF0523_034s	C	EHF	CT	CT_spat
EHF0523	EHF0523_035s	C	EHF	CT	CT_spat
EHF0523	EHF0523_036s	C	EHF	CT	CT_spat
EHF0523	EHF0523_037s	C	EHF	CT	CT_spat
EHF0523	EHF0523_038s	C	EHF	CT	CT_spat
EHF0523	EHF0523_039s	C	EHF	CT	CT_spat
EHF0523	EHF0523_040s	C	EHF	CT	CT_spat
EHF0523	EHF0523_041s	C	EHF	CT	CT_spat
EHF0523	EHF0523_042s	C	EHF	CT	CT_spat
EHF0523	EHF0523_043s	C	EHF	CT	CT_spat
EHF0523	EHF0523_044s	C	EHF	CT	CT_spat
EHF0523	EHF0523_045s	C	EHF	CT	CT_spat
EHF0523	EHF0523_046s	C	EHF	CT	CT_spat
EHF0523	EHF0523_047s	C	EHF	CT	CT_spat
EHF0523	EHF0523_048s	C	EHF	CT	CT_spat
EHF0523	EHF0523_050s	C	EHF	CT	CT_spat
FEC0423	FEC0423_001s	C	FEC	CT	CT_spat
FEC0423	FEC0423_002s	C	FEC	CT	CT_spat
FEC0423	FEC0423_003s	C	FEC	CT	CT_spat
FEC0423	FEC0423_004s	C	FEC	CT	CT_spat
FEC0423	FEC0423_005s	C	FEC	CT	CT_spat
FEC0423	FEC0423_006s	C	FEC	CT	CT_spat
FEC0423	FEC0423_007s	C	FEC	CT	CT_spat
FEC0423	FEC0423_008s	C	FEC	CT	CT_spat
FEC0423	FEC0423_009s	C	FEC	CT	CT_spat
FEC0423	FEC0423_010s	C	FEC	CT	CT_spat
FEC0423	FEC0423_011s	C	FEC	CT	CT_spat
FEC0423	FEC0423_012s	C	FEC	CT	CT_spat
FEC0423	FEC0423_013s	C	FEC	CT	CT_spat
FEC0423	FEC0423_014s	C	FEC	CT	CT_spat
FEC0423	FEC0423_015s	C	FEC	CT	CT_spat
FEC0423	FEC0423_016s	C	FEC	CT	CT_spat
FEC0423	FEC0423_017s	C	FEC	CT	CT_spat
FEC0423	FEC0423_018s	C	FEC	CT	CT_spat
FEC0423	FEC0423_019s	C	FEC	CT	CT_spat
FEC0423	FEC0423_020s	C	FEC	CT	CT_spat
FEC0423	FEC0423_021s	C	FEC	CT	CT_spat
FEC0423	FEC0423_022s	C	FEC	CT	CT_spat
FEC0423	FEC0423_023s	C	FEC	CT	CT_spat
FEC0423	FEC0423_024s	C	FEC	CT	CT_spat
FEC0423	FEC0423_025s	C	FEC	CT	CT_spat
FEC0423	FEC0423_026s	C	FEC	CT	CT_spat
FEC0423	FEC0423_027s	C	FEC	CT	CT_spat
FEC0423	FEC0423_028s	C	FEC	CT	CT_spat
FEC0423	FEC0423_029s	C	FEC	CT	CT_spat
FEC0423	FEC0423_030s	C	FEC	CT	CT_spat
FEC0423	FEC0423_031s	C	FEC	CT	CT_spat
FEC0423	FEC0423_032s	C	FEC	CT	CT_spat
FEC0423	FEC0423_033s	C	FEC	CT	CT_spat
FEC0423	FEC0423_034s	C	FEC	CT	CT_spat
FEC0423	FEC0423_035s	C	FEC	CT	CT_spat
FEC0423	FEC0423_036s	C	FEC	CT	CT_spat
FEC0423	FEC0423_037s	C	FEC	CT	CT_spat
FEC0423	FEC0423_038s	C	FEC	CT	CT_spat
FEC0423	FEC0423_039s	C	FEC	CT	CT_spat
FEC0423	FEC0423_040s	C	FEC	CT	CT_spat
FEC0423	FEC0423_041s	C	FEC	CT	CT_spat
FEC0423	FEC0423_042s	C	FEC	CT	CT_spat
FEC0423	FEC0423_043s	C	FEC	CT	CT_spat
FEC0423	FEC0423_044s	C	FEC	CT	CT_spat
FEC0423	FEC0423_045s	C	FEC	CT	CT_spat
FEC0423	FEC0423_046s	C	FEC	CT	CT_spat
FEC0423	FEC0423_047s	C	FEC	CT	CT_spat
FEC0423	FEC0423_048s	C	FEC	CT	CT_spat
FEC0423	FEC0423_049s	C	FEC	CT	CT_spat
FEC0423	FEC0423_050s	C	FEC	CT	CT_spat
HDC0523	HDC0523_001s	C	HDC	CT	CT_spat
HDC0523	HDC0523_002s	C	HDC	CT	CT_spat
HDC0523	HDC0523_003s	C	HDC	CT	CT_spat
HDC0523	HDC0523_004s	C	HDC	CT	CT_spat
HDC0523	HDC0523_005s	C	HDC	CT	CT_spat
HDC0523	HDC0523_006s	C	HDC	CT	CT_spat
HDC0523	HDC0523_007s	C	HDC	CT	CT_spat
HDC0523	HDC0523_008s	C	HDC	CT	CT_spat
HDC0523	HDC0523_009s	C	HDC	CT	CT_spat
HDC0523	HDC0523_010s	C	HDC	CT	CT_spat
HDC0523	HDC0523_011s	C	HDC	CT	CT_spat
HDC0523	HDC0523_012s	C	HDC	CT	CT_spat
HDC0523	HDC0523_013s	C	HDC	CT	CT_spat
HDC0523	HDC0523_014s	C	HDC	CT	CT_spat
HDC0523	HDC0523_015s	C	HDC	CT	CT_spat
HDC0523	HDC0523_016s	C	HDC	CT	CT_spat
HDC0523	HDC0523_017s	C	HDC	CT	CT_spat
HDC0523	HDC0523_018s	C	HDC	CT	CT_spat
HDC0523	HDC0523_019s	C	HDC	CT	CT_spat
HDC0523	HDC0523_020s	C	HDC	CT	CT_spat
HDC0523	HDC0523_021s	C	HDC	CT	CT_spat
HDC0523	HDC0523_022s	C	HDC	CT	CT_spat
HDC0523	HDC0523_023s	C	HDC	CT	CT_spat
HDC0523	HDC0523_024s	C	HDC	CT	CT_spat
HDC0523	HDC0523_025s	C	HDC	CT	CT_spat
HDC0523	HDC0523_026s	C	HDC	CT	CT_spat
HDC0523	HDC0523_027s	C	HDC	CT	CT_spat
HDC0523	HDC0523_028s	C	HDC	CT	CT_spat
HDC0523	HDC0523_029s	C	HDC	CT	CT_spat
HDC0523	HDC0523_030s	C	HDC	CT	CT_spat
HDC0523	HDC0523_031s	C	HDC	CT	CT_spat
HDC0523	HDC0523_032s	C	HDC	CT	CT_spat
HDC0523	HDC0523_033s	C	HDC	CT	CT_spat
HDC0523	HDC0523_034s	C	HDC	CT	CT_spat
HDC0523	HDC0523_035s	C	HDC	CT	CT_spat
HDC0523	HDC0523_036s	C	HDC	CT	CT_spat
HDC0523	HDC0523_037s	C	HDC	CT	CT_spat
HDC0523	HDC0523_039s	C	HDC	CT	CT_spat
HDC0523	HDC0523_040s	C	HDC	CT	CT_spat
HDC0523	HDC0523_041s	C	HDC	CT	CT_spat
HDC0523	HDC0523_042s	C	HDC	CT	CT_spat
HDC0523	HDC0523_043s	C	HDC	CT	CT_spat
HDC0523	HDC0523_044s	C	HDC	CT	CT_spat
HDC0523	HDC0523_045s	C	HDC	CT	CT_spat
HDC0523	HDC0523_046s	C	HDC	CT	CT_spat
HDC0523	HDC0523_047s	C	HDC	CT	CT_spat
HDC0523	HDC0523_048s	C	HDC	CT	CT_spat
HDC0523	HDC0523_049s	C	HDC	CT	CT_spat
HDC0523	HDC0523_050s	C	HDC	CT	CT_spat
HOR	HOR_01	C	HOR	CT	CT_spat
HOR	HOR_02	C	HOR	CT	CT_spat
HOR	HOR_03	C	HOR	CT	CT_spat
HOR	HOR_04	C	HOR	CT	CT_spat
HOR	HOR_05	C	HOR	CT	CT_spat
HOR	HOR_06	C	HOR	CT	CT_spat
HOR	HOR_07	C	HOR	CT	CT_spat
HOR	HOR_08	C	HOR	CT	CT_spat
HOR	HOR_09	C	HOR	CT	CT_spat
HOR	HOR_10	C	HOR	CT	CT_spat
HOR	HOR_11	C	HOR	CT	CT_spat
HOR	HOR_12	C	HOR	CT	CT_spat
HOR	HOR_13	C	HOR	CT	CT_spat
HOR	HOR_14	C	HOR	CT	CT_spat
HOR	HOR_15	C	HOR	CT	CT_spat
HOR	HOR_16	C	HOR	CT	CT_spat
HOR	HOR_17	C	HOR	CT	CT_spat
HOR	HOR_18	C	HOR	CT	CT_spat
HOR	HOR_19	C	HOR	CT	CT_spat
HOR	HOR_20	C	HOR	CT	CT_spat
HOR	HOR_21	C	HOR	CT	CT_spat
HOR	HOR_22	C	HOR	CT	CT_spat
HOR	HOR_23	C	HOR	CT	CT_spat
JAC0523	JAC0523_001s	C	JAC	CT	CT_spat
JAC0523	JAC0523_002s	C	JAC	CT	CT_spat
JAC0523	JAC0523_003s	C	JAC	CT	CT_spat
JAC0523	JAC0523_004s	C	JAC	CT	CT_spat
JAC0523	JAC0523_005s	C	JAC	CT	CT_spat
JAC0523	JAC0523_006s	C	JAC	CT	CT_spat
JAC0523	JAC0523_007s	C	JAC	CT	CT_spat
JAC0523	JAC0523_008s	C	JAC	CT	CT_spat
JAC0523	JAC0523_009s	C	JAC	CT	CT_spat
JAC0523	JAC0523_010s	C	JAC	CT	CT_spat
JAC0523	JAC0523_011s	C	JAC	CT	CT_spat
JAC0523	JAC0523_012s	C	JAC	CT	CT_spat
JAC0523	JAC0523_013s	C	JAC	CT	CT_spat
JAC0523	JAC0523_014s	C	JAC	CT	CT_spat
JAC0523	JAC0523_015s	C	JAC	CT	CT_spat
JAC0523	JAC0523_016s	C	JAC	CT	CT_spat
JAC0523	JAC0523_017s	C	JAC	CT	CT_spat
JAC0523	JAC0523_018s	C	JAC	CT	CT_spat
JAC0523	JAC0523_019s	C	JAC	CT	CT_spat
JAC0523	JAC0523_020s	C	JAC	CT	CT_spat
JAC0523	JAC0523_021s	C	JAC	CT	CT_spat
JAC0523	JAC0523_022s	C	JAC	CT	CT_spat
JAC0523	JAC0523_023s	C	JAC	CT	CT_spat
JAC0523	JAC0523_024s	C	JAC	CT	CT_spat
JAC0523	JAC0523_025s	C	JAC	CT	CT_spat
JAC0523	JAC0523_026s	C	JAC	CT	CT_spat
JAC0523	JAC0523_027s	C	JAC	CT	CT_spat
JAC0523	JAC0523_028s	C	JAC	CT	CT_spat
JAC0523	JAC0523_029s	C	JAC	CT	CT_spat
JAC0523	JAC0523_030s	C	JAC	CT	CT_spat
JAC0523	JAC0523_031s	C	JAC	CT	CT_spat
JAC0523	JAC0523_032s	C	JAC	CT	CT_spat
JAC0523	JAC0523_033s	C	JAC	CT	CT_spat
JAC0523	JAC0523_034s	C	JAC	CT	CT_spat
JAC0523	JAC0523_035s	C	JAC	CT	CT_spat
JAC0523	JAC0523_036s	C	JAC	CT	CT_spat
JAC0523	JAC0523_037s	C	JAC	CT	CT_spat
JAC0523	JAC0523_038s	C	JAC	CT	CT_spat
JAC0523	JAC0523_039s	C	JAC	CT	CT_spat
JAC0523	JAC0523_041s	C	JAC	CT	CT_spat
JAC0523	JAC0523_042s	C	JAC	CT	CT_spat
JAC0523	JAC0523_043s	C	JAC	CT	CT_spat
JAC0523	JAC0523_044s	C	JAC	CT	CT_spat
JAC0523	JAC0523_045s	C	JAC	CT	CT_spat
JAC0523	JAC0523_046s	C	JAC	CT	CT_spat
JAC0523	JAC0523_047s	C	JAC	CT	CT_spat
JAC0523	JAC0523_048s	C	JAC	CT	CT_spat
JAC0523	JAC0523_049s	C	JAC	CT	CT_spat
JAC0523	JAC0523_050s	C	JAC	CT	CT_spat
AQ_5	KRB16_001	C	AQ_5	AQ_5	AQ_5
AQ_5	KRB16_002	C	AQ_5	AQ_5	AQ_5
AQ_5	KRB16_003	C	AQ_5	AQ_5	AQ_5
AQ_5	KRB16_004	C	AQ_5	AQ_5	AQ_5
AQ_5	KRB16_005	C	AQ_5	AQ_5	AQ_5
AQ_5	KRB16_006	C	AQ_5	AQ_5	AQ_5
AQ_5	KRB16_007	C	AQ_5	AQ_5	AQ_5
AQ_5	KRB16_008	C	AQ_5	AQ_5	AQ_5
AQ_5	KRB16_009	C	AQ_5	AQ_5	AQ_5
AQ_5	KRB16_010	C	AQ_5	AQ_5	AQ_5
AQ_5	KRB16_011	C	AQ_5	AQ_5	AQ_5
AQ_5	KRB16_012	C	AQ_5	AQ_5	AQ_5
AQ_5	KRB16_013	C	AQ_5	AQ_5	AQ_5
AQ_5	KRB16_014	C	AQ_5	AQ_5	AQ_5
AQ_5	KRB16_015	C	AQ_5	AQ_5	AQ_5
AQ_5	KRB16_016	C	AQ_5	AQ_5	AQ_5
AQ_5	KRB16_017	C	AQ_5	AQ_5	AQ_5
AQ_5	KRB16_018	C	AQ_5	AQ_5	AQ_5
AQ_5	KRB16_019	C	AQ_5	AQ_5	AQ_5
AQ_5	KRB16_020	C	AQ_5	AQ_5	AQ_5
AQ_5	KRB16_021	C	AQ_5	AQ_5	AQ_5
AQ_5	KRB16_022	C	AQ_5	AQ_5	AQ_5
AQ_5	KRB16_023	C	AQ_5	AQ_5	AQ_5
AQ_5	KRB16_024	C	AQ_5	AQ_5	AQ_5
AQ_5	KRB16_025	C	AQ_5	AQ_5	AQ_5
AQ_5	KRB16_026	C	AQ_5	AQ_5	AQ_5
AQ_5	KRB16_027	C	AQ_5	AQ_5	AQ_5
AQ_5	KRB16_028	C	AQ_5	AQ_5	AQ_5
AQ_5	KRB16_029	C	AQ_5	AQ_5	AQ_5
AQ_5	KRB16_030	C	AQ_5	AQ_5	AQ_5
AQ_6	KRP13_001	C	AQ_6	AQ_6	AQ_6
AQ_6	KRP13_002	C	AQ_6	AQ_6	AQ_6
AQ_6	KRP13_003	C	AQ_6	AQ_6	AQ_6
AQ_6	KRP13_004	C	AQ_6	AQ_6	AQ_6
AQ_6	KRP13_005	C	AQ_6	AQ_6	AQ_6
AQ_6	KRP13_006	C	AQ_6	AQ_6	AQ_6
AQ_6	KRP13_007	C	AQ_6	AQ_6	AQ_6
AQ_6	KRP13_008	C	AQ_6	AQ_6	AQ_6
AQ_6	KRP13_009	C	AQ_6	AQ_6	AQ_6
AQ_6	KRP13_010	C	AQ_6	AQ_6	AQ_6
AQ_6	KRP13_011	C	AQ_6	AQ_6	AQ_6
AQ_6	KRP13_012	C	AQ_6	AQ_6	AQ_6
AQ_6	KRP13_013	C	AQ_6	AQ_6	AQ_6
AQ_6	KRP13_014	C	AQ_6	AQ_6	AQ_6
AQ_6	KRP13_015	C	AQ_6	AQ_6	AQ_6
AQ_6	KRP13_016	C	AQ_6	AQ_6	AQ_6
AQ_6	KRP13_017	C	AQ_6	AQ_6	AQ_6
AQ_6	KRP13_018	C	AQ_6	AQ_6	AQ_6
AQ_6	KRP13_019	C	AQ_6	AQ_6	AQ_6
AQ_6	KRP13_020	C	AQ_6	AQ_6	AQ_6
AQ_6	KRP13_021	C	AQ_6	AQ_6	AQ_6
AQ_6	KRP13_022	C	AQ_6	AQ_6	AQ_6
AQ_6	KRP13_023	C	AQ_6	AQ_6	AQ_6
AQ_6	KRP13_024	C	AQ_6	AQ_6	AQ_6
AQ_6	KRP13_025	C	AQ_6	AQ_6	AQ_6
AQ_6	KRP13_026	C	AQ_6	AQ_6	AQ_6
AQ_6	KRP13_027	C	AQ_6	AQ_6	AQ_6
AQ_6	KRP13_028	C	AQ_6	AQ_6	AQ_6
AQ_6	KRP13_029	C	AQ_6	AQ_6	AQ_6
AQ_6	KRP13_030	C	AQ_6	AQ_6	AQ_6
YBD	YBD_10	D	YBD	CT	CT_spat
YBD	YBD_11	D	YBD	CT	CT_spat
YBD	YBD_12	D	YBD	CT	CT_spat
YBD	YBD_13	D	YBD	CT	CT_spat
YBD	YBD_14	D	YBD	CT	CT_spat
YBD	YBD_15	D	YBD	CT	CT_spat
YBD	YBD_16	D	YBD	CT	CT_spat
YBD	YBD_17	D	YBD	CT	CT_spat
YBD	YBD_18	D	YBD	CT	CT_spat
YBD	YBD_19	D	YBD	CT	CT_spat
YBD	YBD_20	D	YBD	CT	CT_spat
YBD	YBD_21	D	YBD	CT	CT_spat
YBD	YBD_22	D	YBD	CT	CT_spat
YBD	YBD_23	D	YBD	CT	CT_spat
YBD	YBD_24	D	YBD	CT	CT_spat
YBD	YBD_25	D	YBD	CT	CT_spat
YBD	YBD_26	D	YBD	CT	CT_spat
YBD	YBD_27	D	YBD	CT	CT_spat
YBD	YBD_28	D	YBD	CT	CT_spat
YBD	YBD_29	D	YBD	CT	CT_spat
YBD	YBD_30	D	YBD	CT	CT_spat
YBD	YBD_31	D	YBD	CT	CT_spat
YBD	YBD_32	D	YBD	CT	CT_spat
YBD	YBD_33	D	YBD	CT	CT_spat
YBD	YBD_34	D	YBD	CT	CT_spat
YBD	YBD_35	D	YBD	CT	CT_spat
YBD	YBD_36	D	YBD	CT	CT_spat
YBD	YBD_37	D	YBD	CT	CT_spat
YBD	YBD_54	D	YBD	CT	CT_spat
YBD	YBD_55	D	YBD	CT	CT_spat
YBD	YBD_6	D	YBD	CT	CT_spat
YBD	YBD_7	D	YBD	CT	CT_spat
YBD	YBD_8	D	YBD	CT	CT_spat
YBD	YBD_9	D	YBD	CT	CT_spat
ASC23a	ASC23a_4	D	ASC	CT	CT_adult
ASC23a	ASC23a_9	D	ASC	CT	CT_adult
ASC23a	ASC23a_12	D	ASC	CT	CT_adult
ASC23a	ASC23a_14	D	ASC	CT	CT_adult
ASC23a	ASC23a_15	D	ASC	CT	CT_adult
ASC23a	ASC23a_16	D	ASC	CT	CT_adult
ASC23a	ASC23a_17	D	ASC	CT	CT_adult
ASC23a	ASC23a_18	D	ASC	CT	CT_adult
ASC23a	ASC23a_22	D	ASC	CT	CT_adult
ASC23a	ASC23a_25	D	ASC	CT	CT_adult
ASC23a	ASC23a_26	D	ASC	CT	CT_adult
ASC23a	ASC23a_27	D	ASC	CT	CT_adult
ASC23a	ASC23a_28	D	ASC	CT	CT_adult
ASC23a	ASC23a_29	D	ASC	CT	CT_adult
ASC23a	ASC23a_31	D	ASC	CT	CT_adult
ASC23a	ASC23a_32	D	ASC	CT	CT_adult
ASC23a	ASC23a_33	D	ASC	CT	CT_adult
ASC23a	ASC23a_34	D	ASC	CT	CT_adult
ASC23a	ASC23a_36	D	ASC	CT	CT_adult
ASC23a	ASC23a_37	D	ASC	CT	CT_adult
ASC23a	ASC23a_39	D	ASC	CT	CT_adult
ASC23a	ASC23a_40	D	ASC	CT	CT_adult
ASC23a	ASC23a_41	D	ASC	CT	CT_adult
ASC23a	ASC23a_42	D	ASC	CT	CT_adult
ASC23a	ASC23a_43	D	ASC	CT	CT_adult
ASC23a	ASC23a_44	D	ASC	CT	CT_adult
ASC23a	ASC23a_45	D	ASC	CT	CT_adult
ASC23a	ASC23a_46	D	ASC	CT	CT_adult
ASC23a	ASC23a_47	D	ASC	CT	CT_adult
ASC23a	ASC23a_48	D	ASC	CT	CT_adult
ASC23a	ASC23a_52	D	ASC	CT	CT_adult
ASC23a	ASC23a_54	D	ASC	CT	CT_adult
ASC23a	ASC23a_57	D	ASC	CT	CT_adult
ASC23a	ASC23a_58	D	ASC	CT	CT_adult
ASC23a	ASC23a_59	D	ASC	CT	CT_adult
ASC23a	ASC23a_60	D	ASC	CT	CT_adult
EHF23a	EHF23a_3	D	EHF	CT	CT_adult
EHF23a	EHF23a_4	D	EHF	CT	CT_adult
EHF23a	EHF23a_5	D	EHF	CT	CT_adult
EHF23a	EHF23a_6	D	EHF	CT	CT_adult
EHF23a	EHF23a_7	D	EHF	CT	CT_adult
EHF23a	EHF23a_8	D	EHF	CT	CT_adult
EHF23a	EHF23a_9	D	EHF	CT	CT_adult
EHF23a	EHF23a_10	D	EHF	CT	CT_adult
EHF23a	EHF23a_11	D	EHF	CT	CT_adult
EHF23a	EHF23a_12	D	EHF	CT	CT_adult
EHF23a	EHF23a_13	D	EHF	CT	CT_adult
EHF23a	EHF23a_14	D	EHF	CT	CT_adult
EHF23a	EHF23a_15	D	EHF	CT	CT_adult
EHF23a	EHF23a_16	D	EHF	CT	CT_adult
EHF23a	EHF23a_17	D	EHF	CT	CT_adult
EHF23a	EHF23a_18	D	EHF	CT	CT_adult
EHF23a	EHF23a_19	D	EHF	CT	CT_adult
EHF23a	EHF23a_20	D	EHF	CT	CT_adult
EHF23a	EHF23a_21	D	EHF	CT	CT_adult
EHF23a	EHF23a_22	D	EHF	CT	CT_adult
EHF23a	EHF23a_23	D	EHF	CT	CT_adult
EHF23a	EHF23a_24	D	EHF	CT	CT_adult
EHF23a	EHF23a_25	D	EHF	CT	CT_adult
EHF23a	EHF23a_26	D	EHF	CT	CT_adult
EHF23a	EHF23a_27	D	EHF	CT	CT_adult
EHF23a	EHF23a_28	D	EHF	CT	CT_adult
EHF23a	EHF23a_29	D	EHF	CT	CT_adult
EHF23a	EHF23a_30	D	EHF	CT	CT_adult
EHF23a	EHF23a_31	D	EHF	CT	CT_adult
EHF23a	EHF23a_32	D	EHF	CT	CT_adult
EHF23a	EHF23a_33	D	EHF	CT	CT_adult
EHF23a	EHF23a_34	D	EHF	CT	CT_adult
EHF23a	EHF23a_35	D	EHF	CT	CT_adult
EHF23a	EHF23a_36	D	EHF	CT	CT_adult
EHF23a	EHF23a_37	D	EHF	CT	CT_adult
EHF23a	EHF23a_38	D	EHF	CT	CT_adult
EHF23a	EHF23a_39	D	EHF	CT	CT_adult
EHF23a	EHF23a_40	D	EHF	CT	CT_adult
EHF23a	EHF23a_41	D	EHF	CT	CT_adult
EHF23a	EHF23a_42	D	EHF	CT	CT_adult
FEC23a	FEC23a_5	D	FEC	CT	CT_adult
FEC23a	FEC23a_6	D	FEC	CT	CT_adult
FEC23a	FEC23a_7	D	FEC	CT	CT_adult
FEC23a	FEC23a_9	D	FEC	CT	CT_adult
FEC23a	FEC23a_10	D	FEC	CT	CT_adult
FEC23a	FEC23a_11	D	FEC	CT	CT_adult
FEC23a	FEC23a_12	D	FEC	CT	CT_adult
FEC23a	FEC23a_29	D	FEC	CT	CT_adult
FEC23a	FEC23a_30	D	FEC	CT	CT_adult
FEC23a	FEC23a_31	D	FEC	CT	CT_adult
FEC23a	FEC23a_32	D	FEC	CT	CT_adult
FEC23a	FEC23a_33	D	FEC	CT	CT_adult
FEC23a	FEC23a_34	D	FEC	CT	CT_adult
FEC23a	FEC23a_35	D	FEC	CT	CT_adult
FEC23a	FEC23a_36	D	FEC	CT	CT_adult
FEC23a	FEC23a_37	D	FEC	CT	CT_adult
FEC23a	FEC23a_38	D	FEC	CT	CT_adult
FEC23a	FEC23a_39	D	FEC	CT	CT_adult
FEC23a	FEC23a_40	D	FEC	CT	CT_adult
FEC23a	FEC23a_41	D	FEC	CT	CT_adult
FEC23a	FEC23a_42	D	FEC	CT	CT_adult
FEC23a	FEC23a_43	D	FEC	CT	CT_adult
FEC23a	FEC23a_44	D	FEC	CT	CT_adult
FEC23a	FEC23a_45	D	FEC	CT	CT_adult
FEC23a	FEC23a_46	D	FEC	CT	CT_adult
FEC23a	FEC23a_47	D	FEC	CT	CT_adult
FEC23a	FEC23a_48	D	FEC	CT	CT_adult
FEC23a	FEC23a_49	D	FEC	CT	CT_adult
FEC23a	FEC23a_50	D	FEC	CT	CT_adult
FEC23a	FEC23a_51	D	FEC	CT	CT_adult
FEC23a	FEC23a_52	D	FEC	CT	CT_adult
FEC23a	FEC23a_53	D	FEC	CT	CT_adult
FEC23a	FEC23a_54	D	FEC	CT	CT_adult
FEC23a	FEC23a_55	D	FEC	CT	CT_adult
FEC23a	FEC23a_56	D	FEC	CT	CT_adult
FEC23a	FEC23a_57	D	FEC	CT	CT_adult
FEC23a	FEC23a_58	D	FEC	CT	CT_adult
FEC23a	FEC23a_59	D	FEC	CT	CT_adult
FEC23a	FEC23a_60	D	FEC	CT	CT_adult
GOO23a	GOO23a_1	D	GOO	CT	CT_adult
GOO23a	GOO23a_2	D	GOO	CT	CT_adult
GOO23a	GOO23a_3	D	GOO	CT	CT_adult
GOO23a	GOO23a_4	D	GOO	CT	CT_adult
GOO23a	GOO23a_5	D	GOO	CT	CT_adult
GOO23a	GOO23a_6	D	GOO	CT	CT_adult
GOO23a	GOO23a_7	D	GOO	CT	CT_adult
GOO23a	GOO23a_8	D	GOO	CT	CT_adult
GOO23a	GOO23a_9	D	GOO	CT	CT_adult
GOO23a	GOO23a_10	D	GOO	CT	CT_adult
GOO23a	GOO23a_11	D	GOO	CT	CT_adult
GOO23a	GOO23a_12	D	GOO	CT	CT_adult
GOO23a	GOO23a_13	D	GOO	CT	CT_adult
GOO23a	GOO23a_14	D	GOO	CT	CT_adult
GOO23a	GOO23a_15	D	GOO	CT	CT_adult
GOO23a	GOO23a_16	D	GOO	CT	CT_adult
GOO23a	GOO23a_17	D	GOO	CT	CT_adult
GOO23a	GOO23a_18	D	GOO	CT	CT_adult
GOO23a	GOO23a_19	D	GOO	CT	CT_adult
GOO23a	GOO23a_20	D	GOO	CT	CT_adult
GOO23a	GOO23a_21	D	GOO	CT	CT_adult
GOO23a	GOO23a_22	D	GOO	CT	CT_adult
GOO23a	GOO23a_23	D	GOO	CT	CT_adult
GOO23a	GOO23a_24	D	GOO	CT	CT_adult
GOO23a	GOO23a_25	D	GOO	CT	CT_adult
GOO23a	GOO23a_26	D	GOO	CT	CT_adult
GOO23a	GOO23a_27	D	GOO	CT	CT_adult
GOO23a	GOO23a_28	D	GOO	CT	CT_adult
GOO23a	GOO23a_29	D	GOO	CT	CT_adult
GOO23a	GOO23a_30	D	GOO	CT	CT_adult
GOO23a	GOO23a_32	D	GOO	CT	CT_adult
GOO23a	GOO23a_33	D	GOO	CT	CT_adult
GOO23a	GOO23a_34	D	GOO	CT	CT_adult
GOO23a	GOO23a_35	D	GOO	CT	CT_adult
GOO23a	GOO23a_36	D	GOO	CT	CT_adult
GOO23a	GOO23a_37	D	GOO	CT	CT_adult
GOO23a	GOO23a_38	D	GOO	CT	CT_adult
HDC23a	HDC23a_1	D	HDC	CT	CT_adult
HDC23a	HDC23a_2	D	HDC	CT	CT_adult
HDC23a	HDC23a_3	D	HDC	CT	CT_adult
HDC23a	HDC23a_4	D	HDC	CT	CT_adult
HDC23a	HDC23a_5	D	HDC	CT	CT_adult
HDC23a	HDC23a_6	D	HDC	CT	CT_adult
HDC23a	HDC23a_7	D	HDC	CT	CT_adult
HDC23a	HDC23a_8	D	HDC	CT	CT_adult
HDC23a	HDC23a_9	D	HDC	CT	CT_adult
HDC23a	HDC23a_10	D	HDC	CT	CT_adult
HDC23a	HDC23a_11	D	HDC	CT	CT_adult
HDC23a	HDC23a_12	D	HDC	CT	CT_adult
HDC23a	HDC23a_13	D	HDC	CT	CT_adult
HDC23a	HDC23a_14	D	HDC	CT	CT_adult
HDC23a	HDC23a_15	D	HDC	CT	CT_adult
HDC23a	HDC23a_16	D	HDC	CT	CT_adult
HDC23a	HDC23a_17	D	HDC	CT	CT_adult
HDC23a	HDC23a_18	D	HDC	CT	CT_adult
HDC23a	HDC23a_19	D	HDC	CT	CT_adult
HDC23a	HDC23a_20	D	HDC	CT	CT_adult
HDC23a	HDC23a_21	D	HDC	CT	CT_adult
HDC23a	HDC23a_22	D	HDC	CT	CT_adult
HDC23a	HDC23a_23	D	HDC	CT	CT_adult
HDC23a	HDC23a_24	D	HDC	CT	CT_adult
HDC23a	HDC23a_25	D	HDC	CT	CT_adult
HDC23a	HDC23a_26	D	HDC	CT	CT_adult
HDC23a	HDC23a_27	D	HDC	CT	CT_adult
HDC23a	HDC23a_28	D	HDC	CT	CT_adult
HDC23a	HDC23a_29	D	HDC	CT	CT_adult
HDC23a	HDC23a_30	D	HDC	CT	CT_adult
HDC23a	HDC23a_31	D	HDC	CT	CT_adult
HDC23a	HDC23a_32	D	HDC	CT	CT_adult
HDC23a	HDC23a_33	D	HDC	CT	CT_adult
HDC23a	HDC23a_34	D	HDC	CT	CT_adult
HDC23a	HDC23a_35	D	HDC	CT	CT_adult
HDC23a	HDC23a_36	D	HDC	CT	CT_adult
HDC23a	HDC23a_37	D	HDC	CT	CT_adult
HDC23a	HDC23a_38	D	HDC	CT	CT_adult
HDC23a	HDC23a_39	D	HDC	CT	CT_adult
HDC23a	HDC23a_40	D	HDC	CT	CT_adult
JAC23a	JAC23a_7	D	JAC	CT	CT_adult
JAC23a	JAC23a_8	D	JAC	CT	CT_adult
JAC23a	JAC23a_9	D	JAC	CT	CT_adult
JAC23a	JAC23a_10	D	JAC	CT	CT_adult
JAC23a	JAC23a_11	D	JAC	CT	CT_adult
JAC23a	JAC23a_12	D	JAC	CT	CT_adult
JAC23a	JAC23a_13	D	JAC	CT	CT_adult
JAC23a	JAC23a_14	D	JAC	CT	CT_adult
JAC23a	JAC23a_16	D	JAC	CT	CT_adult
JAC23a	JAC23a_17	D	JAC	CT	CT_adult
JAC23a	JAC23a_18	D	JAC	CT	CT_adult
JAC23a	JAC23a_19	D	JAC	CT	CT_adult
JAC23a	JAC23a_20	D	JAC	CT	CT_adult
JAC23a	JAC23a_21	D	JAC	CT	CT_adult
JAC23a	JAC23a_23	D	JAC	CT	CT_adult
JAC23a	JAC23a_24	D	JAC	CT	CT_adult
JAC23a	JAC23a_25	D	JAC	CT	CT_adult
JAC23a	JAC23a_26	D	JAC	CT	CT_adult
JAC23a	JAC23a_27	D	JAC	CT	CT_adult
JAC23a	JAC23a_28	D	JAC	CT	CT_adult
JAC23a	JAC23a_29	D	JAC	CT	CT_adult
JAC23a	JAC23a_30	D	JAC	CT	CT_adult
JAC23a	JAC23a_31	D	JAC	CT	CT_adult
JAC23a	JAC23a_32	D	JAC	CT	CT_adult
JAC23a	JAC23a_33	D	JAC	CT	CT_adult
JAC23a	JAC23a_34	D	JAC	CT	CT_adult
JAC23a	JAC23a_35	D	JAC	CT	CT_adult
JAC23a	JAC23a_36	D	JAC	CT	CT_adult
JAC23a	JAC23a_37	D	JAC	CT	CT_adult
JAC23a	JAC23a_38	D	JAC	CT	CT_adult
JAC23a	JAC23a_39	D	JAC	CT	CT_adult
JAC23a	JAC23a_40	D	JAC	CT	CT_adult
JAC23a	JAC23a_41	D	JAC	CT	CT_adult
JAC23a	JAC23a_42	D	JAC	CT	CT_adult
JAC23a	JAC23a_43	D	JAC	CT	CT_adult
QUR23a	QUR23a_1	D	QUR	CT	CT_adult
QUR23a	QUR23a_3	D	QUR	CT	CT_adult
QUR23a	QUR23a_4	D	QUR	CT	CT_adult
QUR23a	QUR23a_5	D	QUR	CT	CT_adult
QUR23a	QUR23a_6	D	QUR	CT	CT_adult
QUR23a	QUR23a_7	D	QUR	CT	CT_adult
QUR23a	QUR23a_8	D	QUR	CT	CT_adult
QUR23a	QUR23a_9	D	QUR	CT	CT_adult
QUR23a	QUR23a_10	D	QUR	CT	CT_adult
QUR23a	QUR23a_11	D	QUR	CT	CT_adult
QUR23a	QUR23a_12	D	QUR	CT	CT_adult
QUR23a	QUR23a_13	D	QUR	CT	CT_adult
QUR23a	QUR23a_14	D	QUR	CT	CT_adult
QUR23a	QUR23a_15	D	QUR	CT	CT_adult
QUR23a	QUR23a_16	D	QUR	CT	CT_adult
QUR23a	QUR23a_17	D	QUR	CT	CT_adult
QUR23a	QUR23a_18	D	QUR	CT	CT_adult
QUR23a	QUR23a_19	D	QUR	CT	CT_adult
QUR23a	QUR23a_20	D	QUR	CT	CT_adult
QUR23a	QUR23a_22	D	QUR	CT	CT_adult
QUR23a	QUR23a_23	D	QUR	CT	CT_adult
QUR23a	QUR23a_24	D	QUR	CT	CT_adult
QUR23a	QUR23a_25	D	QUR	CT	CT_adult
QUR23a	QUR23a_26	D	QUR	CT	CT_adult
QUR23a	QUR23a_27	D	QUR	CT	CT_adult
QUR23a	QUR23a_28	D	QUR	CT	CT_adult
QUR23a	QUR23a_29	D	QUR	CT	CT_adult
QUR23a	QUR23a_31	D	QUR	CT	CT_adult
STP23a	STP23a_7	D	SPT	CT	CT_adult
STP23a	STP23a_8	D	SPT	CT	CT_adult
STP23a	STP23a_9	D	SPT	CT	CT_adult
STP23a	STP23a_10	D	SPT	CT	CT_adult
STP23a	STP23a_11	D	SPT	CT	CT_adult
STP23a	STP23a_12	D	SPT	CT	CT_adult
STP23a	STP23a_13	D	SPT	CT	CT_adult
STP23a	STP23a_14	D	SPT	CT	CT_adult
STP23a	STP23a_15	D	SPT	CT	CT_adult
STP23a	STP23a_16	D	SPT	CT	CT_adult
STP23a	STP23a_17	D	SPT	CT	CT_adult
STP23a	STP23a_18	D	SPT	CT	CT_adult
STP23a	STP23a_19	D	SPT	CT	CT_adult
STP23a	STP23a_20	D	SPT	CT	CT_adult
STP23a	STP23a_21	D	SPT	CT	CT_adult
STP23a	STP23a_22	D	SPT	CT	CT_adult
STP23a	STP23a_23	D	SPT	CT	CT_adult
STP23a	STP23a_24	D	SPT	CT	CT_adult
STP23a	STP23a_25	D	SPT	CT	CT_adult
STP23a	STP23a_26	D	SPT	CT	CT_adult
STP23a	STP23a_27	D	SPT	CT	CT_adult
STP23a	STP23a_28	D	SPT	CT	CT_adult
STP23a	STP23a_29	D	SPT	CT	CT_adult
STP23a	STP23a_30	D	SPT	CT	CT_adult
STP23a	STP23a_39	D	SPT	CT	CT_adult
STP23a	STP23a_40	D	SPT	CT	CT_adult
STP23a	STP23a_41	D	SPT	CT	CT_adult
STP23a	STP23a_42	D	SPT	CT	CT_adult
STP23a	STP23a_43	D	SPT	CT	CT_adult
STP23a	STP23a_44	D	SPT	CT	CT_adult
STP23a	STP23a_45	D	SPT	CT	CT_adult
STP23a	STP23a_46	D	SPT	CT	CT_adult
STP23a	STP23a_47	D	SPT	CT	CT_adult
STP23a	STP23a_48	D	SPT	CT	CT_adult
STP23a	STP23a_49	D	SPT	CT	CT_adult
STP23a	STP23a_50	D	SPT	CT	CT_adult
TOC23a	TOC23a_9	D	TOC	CT	CT_adult
TOC23a	TOC23a_10	D	TOC	CT	CT_adult
TOC23a	TOC23a_11	D	TOC	CT	CT_adult
TOC23a	TOC23a_12	D	TOC	CT	CT_adult
TOC23a	TOC23a_13	D	TOC	CT	CT_adult
TOC23a	TOC23a_14	D	TOC	CT	CT_adult
TOC23a	TOC23a_15	D	TOC	CT	CT_adult
TOC23a	TOC23a_16	D	TOC	CT	CT_adult
TOC23a	TOC23a_17	D	TOC	CT	CT_adult
TOC23a	TOC23a_18	D	TOC	CT	CT_adult
TOC23a	TOC23a_19	D	TOC	CT	CT_adult
TOC23a	TOC23a_20	D	TOC	CT	CT_adult
TOC23a	TOC23a_21	D	TOC	CT	CT_adult
TOC23a	TOC23a_22	D	TOC	CT	CT_adult
TOC23a	TOC23a_23	D	TOC	CT	CT_adult
TOC23a	TOC23a_24	D	TOC	CT	CT_adult
TOC23a	TOC23a_33	D	TOC	CT	CT_adult
TOC23a	TOC23a_35	D	TOC	CT	CT_adult
TOC23a	TOC23a_36	D	TOC	CT	CT_adult
TOC23a	TOC23a_37	D	TOC	CT	CT_adult
TOC23a	TOC23a_38	D	TOC	CT	CT_adult
TOC23a	TOC23a_39	D	TOC	CT	CT_adult
TOC23a	TOC23a_40	D	TOC	CT	CT_adult
TOC23a	TOC23a_41	D	TOC	CT	CT_adult
TOC23a	TOC23a_42	D	TOC	CT	CT_adult
TOC23a	TOC23a_43	D	TOC	CT	CT_adult
TOC23a	TOC23a_45	D	TOC	CT	CT_adult
TOC23a	TOC23a_46	D	TOC	CT	CT_adult
TOC23a	TOC23a_47	D	TOC	CT	CT_adult
TOC23a	TOC23a_48	D	TOC	CT	CT_adult
TOC23a	TOC23a_49	D	TOC	CT	CT_adult
TOC23a	TOC23a_50	D	TOC	CT	CT_adult
