Pop	Ind	Location	Grp	Type
BAK0423	BAK0423_001s	BAK	CT	CT_spat
BAK0423	BAK0423_002s	BAK	CT	CT_spat
BAK0423	BAK0423_003s	BAK	CT	CT_spat
BAK0423	BAK0423_004s	BAK	CT	CT_spat
BAK0423	BAK0423_005s	BAK	CT	CT_spat
BAK0423	BAK0423_006s	BAK	CT	CT_spat
BAK0423	BAK0423_007s	BAK	CT	CT_spat
BAK0423	BAK0423_008s	BAK	CT	CT_spat
BAK0423	BAK0423_009s	BAK	CT	CT_spat
BAK0423	BAK0423_010s	BAK	CT	CT_spat
BAK0423	BAK0423_011s	BAK	CT	CT_spat
BAK0423	BAK0423_012s	BAK	CT	CT_spat
BAK0423	BAK0423_013s	BAK	CT	CT_spat
BAK0423	BAK0423_014s	BAK	CT	CT_spat
BAK0423	BAK0423_015s	BAK	CT	CT_spat
BAK0423	BAK0423_016s	BAK	CT	CT_spat
BAK0423	BAK0423_018s	BAK	CT	CT_spat
BAK0423	BAK0423_019s	BAK	CT	CT_spat
BAK0423	BAK0423_020s	BAK	CT	CT_spat
BAK0423	BAK0423_021s	BAK	CT	CT_spat
BAK0423	BAK0423_022s	BAK	CT	CT_spat
BAK0423	BAK0423_023s	BAK	CT	CT_spat
BAK0423	BAK0423_024s	BAK	CT	CT_spat
BAK0423	BAK0423_025s	BAK	CT	CT_spat
BAK0423	BAK0423_026s	BAK	CT	CT_spat
BAK0423	BAK0423_027s	BAK	CT	CT_spat
BAK0423	BAK0423_028s	BAK	CT	CT_spat
BAK0423	BAK0423_029s	BAK	CT	CT_spat
BAK0423	BAK0423_030s	BAK	CT	CT_spat
BAK0423	BAK0423_031s	BAK	CT	CT_spat
BAK0423	BAK0423_032s	BAK	CT	CT_spat
BAK0423	BAK0423_033s	BAK	CT	CT_spat
BAK0423	BAK0423_034s	BAK	CT	CT_spat
BAK0423	BAK0423_035s	BAK	CT	CT_spat
BAK0423	BAK0423_036s	BAK	CT	CT_spat
BAK0423	BAK0423_037s	BAK	CT	CT_spat
BAK0423	BAK0423_038s	BAK	CT	CT_spat
BAK0423	BAK0423_039s	BAK	CT	CT_spat
BAK0423	BAK0423_040s	BAK	CT	CT_spat
BAK0423	BAK0423_041s	BAK	CT	CT_spat
BAK0423	BAK0423_042s	BAK	CT	CT_spat
BAK0423	BAK0423_043s	BAK	CT	CT_spat
BAK0423	BAK0423_044s	BAK	CT	CT_spat
BAK0423	BAK0423_045s	BAK	CT	CT_spat
BAK0423	BAK0423_046s	BAK	CT	CT_spat
BAK0423	BAK0423_047s	BAK	CT	CT_spat
BAK0423	BAK0423_048s	BAK	CT	CT_spat
BAK0423	BAK0423_049s	BAK	CT	CT_spat
BAK0423	BAK0423_050s	BAK	CT	CT_spat
BAK0423	BAK0423_051s	BAK	CT	CT_spat
BAK0423	BAK0423_052s	BAK	CT	CT_spat
BAK0423	BAK0423_053s	BAK	CT	CT_spat
BAK0423	BAK0423_054s	BAK	CT	CT_spat
BAK0423	BAK0423_055s	BAK	CT	CT_spat
Cv5785	Cv5785_01	Cv5785	CT	CT_adult
Cv5785	Cv5785_02	Cv5785	CT	CT_adult
Cv5785	Cv5785_03	Cv5785	CT	CT_adult
Cv5785	Cv5785_04	Cv5785	CT	CT_adult
Cv5785	Cv5785_05	Cv5785	CT	CT_adult
Cv5785	Cv5785_06	Cv5785	CT	CT_adult
Cv5785	Cv5785_07	Cv5785	CT	CT_adult
Cv5785	Cv5785_08	Cv5785	CT	CT_adult
Cv5785	Cv5785_09	Cv5785	CT	CT_adult
Cv5785	Cv5785_10	Cv5785	CT	CT_adult
Cv5785	Cv5785_11	Cv5785	CT	CT_adult
Cv5785	Cv5785_12	Cv5785	CT	CT_adult
Cv5785	Cv5785_13	Cv5785	CT	CT_adult
Cv5785	Cv5785_14	Cv5785	CT	CT_adult
Cv5785	Cv5785_15	Cv5785	CT	CT_adult
Cv5785	Cv5785_16	Cv5785	CT	CT_adult
Cv5785	Cv5785_17	Cv5785	CT	CT_adult
Cv5785	Cv5785_18	Cv5785	CT	CT_adult
Cv5785	Cv5785_19	Cv5785	CT	CT_adult
Cv5785	Cv5785_20	Cv5785	CT	CT_adult
Cv5785	Cv5785_21	Cv5785	CT	CT_adult
Cv5785	Cv5785_22	Cv5785	CT	CT_adult
Cv5785	Cv5785_23	Cv5785	CT	CT_adult
Cv5785	Cv5785_24	Cv5785	CT	CT_adult
Cv5785	Cv5785_25	Cv5785	CT	CT_adult
Cv5785	Cv5785_26	Cv5785	CT	CT_adult
Cv5785	Cv5785_27	Cv5785	CT	CT_adult
Cv5785	Cv5785_28	Cv5785	CT	CT_adult
Cv5785	Cv5785_29	Cv5785	CT	CT_adult
Cv5785	Cv5785_30	Cv5785	CT	CT_adult
Cv5786	Cv5786_01	AQ_2	AQ_2	AQ_2
Cv5786	Cv5786_02	AQ_2	AQ_2	AQ_2
Cv5786	Cv5786_03	AQ_2	AQ_2	AQ_2
Cv5786	Cv5786_04	AQ_2	AQ_2	AQ_2
Cv5786	Cv5786_05	AQ_2	AQ_2	AQ_2
Cv5786	Cv5786_06	AQ_2	AQ_2	AQ_2
Cv5786	Cv5786_07	AQ_2	AQ_2	AQ_2
Cv5786	Cv5786_08	AQ_2	AQ_2	AQ_2
Cv5786	Cv5786_09	AQ_2	AQ_2	AQ_2
Cv5786	Cv5786_10	AQ_2	AQ_2	AQ_2
Cv5786	Cv5786_11	AQ_2	AQ_2	AQ_2
Cv5786	Cv5786_12	AQ_2	AQ_2	AQ_2
Cv5786	Cv5786_13	AQ_2	AQ_2	AQ_2
Cv5786	Cv5786_14	AQ_2	AQ_2	AQ_2
Cv5786	Cv5786_15	AQ_2	AQ_2	AQ_2
Cv5786	Cv5786_16	AQ_2	AQ_2	AQ_2
Cv5786	Cv5786_17	AQ_2	AQ_2	AQ_2
Cv5786	Cv5786_18	AQ_2	AQ_2	AQ_2
Cv5786	Cv5786_19	AQ_2	AQ_2	AQ_2
Cv5786	Cv5786_20	AQ_2	AQ_2	AQ_2
Cv5786	Cv5786_21	AQ_2	AQ_2	AQ_2
Cv5786	Cv5786_22	AQ_2	AQ_2	AQ_2
Cv5786	Cv5786_23	AQ_2	AQ_2	AQ_2
Cv5786	Cv5786_24	AQ_2	AQ_2	AQ_2
Cv5786	Cv5786_25	AQ_2	AQ_2	AQ_2
Cv5786	Cv5786_26	AQ_2	AQ_2	AQ_2
Cv5786	Cv5786_27	AQ_2	AQ_2	AQ_2
Cv5786	Cv5786_28	AQ_2	AQ_2	AQ_2
Cv5786	Cv5786_29	AQ_2	AQ_2	AQ_2
Cv5786	Cv5786_30	AQ_2	AQ_2	AQ_2
FI1012	FI1012_001	AQ_1	AQ_1	AQ_1
FI1012	FI1012_002	AQ_1	AQ_1	AQ_1
FI1012	FI1012_003	AQ_1	AQ_1	AQ_1
FI1012	FI1012_004	AQ_1	AQ_1	AQ_1
FI1012	FI1012_005	AQ_1	AQ_1	AQ_1
FI1012	FI1012_006	AQ_1	AQ_1	AQ_1
FI1012	FI1012_007	AQ_1	AQ_1	AQ_1
FI1012	FI1012_008	AQ_1	AQ_1	AQ_1
FI1012	FI1012_009	AQ_1	AQ_1	AQ_1
FI1012	FI1012_010	AQ_1	AQ_1	AQ_1
FI1012	FI1012_011	AQ_1	AQ_1	AQ_1
FI1012	FI1012_012	AQ_1	AQ_1	AQ_1
FI1012	FI1012_013	AQ_1	AQ_1	AQ_1
FI1012	FI1012_014	AQ_1	AQ_1	AQ_1
FI1012	FI1012_015	AQ_1	AQ_1	AQ_1
FI1012	FI1012_016	AQ_1	AQ_1	AQ_1
FI1012	FI1012_017	AQ_1	AQ_1	AQ_1
FI1012	FI1012_019	AQ_1	AQ_1	AQ_1
FI1012	FI1012_020	AQ_1	AQ_1	AQ_1
FI1012	FI1012_021	AQ_1	AQ_1	AQ_1
FIS1013a	FIS1013a_001	AQ_1	AQ_1	AQ_1
FIS1013a	FIS1013a_002	AQ_1	AQ_1	AQ_1
FIS1013a	FIS1013a_003	AQ_1	AQ_1	AQ_1
FIS1013a	FIS1013a_004	AQ_1	AQ_1	AQ_1
FIS1013a	FIS1013a_005	AQ_1	AQ_1	AQ_1
FIS1013a	FIS1013a_006	AQ_1	AQ_1	AQ_1
FIS1013a	FIS1013a_007	AQ_1	AQ_1	AQ_1
FIS1013a	FIS1013a_008	AQ_1	AQ_1	AQ_1
FIS1013a	FIS1013a_009	AQ_1	AQ_1	AQ_1
FIS1013a	FIS1013a_010	AQ_1	AQ_1	AQ_1
FIS1013a	FIS1013a_011	AQ_1	AQ_1	AQ_1
FIS1013a	FIS1013a_012	AQ_1	AQ_1	AQ_1
FIS1013a	FIS1013a_013	AQ_1	AQ_1	AQ_1
FIS1013a	FIS1013a_014	AQ_1	AQ_1	AQ_1
FIS1013a	FIS1013a_015	AQ_1	AQ_1	AQ_1
FIS1013a	FIS1013a_016	AQ_1	AQ_1	AQ_1
FIS1013a	FIS1013a_017	AQ_1	AQ_1	AQ_1
FIS1013a	FIS1013a_018	AQ_1	AQ_1	AQ_1
FIS1013a	FIS1013a_019	AQ_1	AQ_1	AQ_1
FIS1013a	FIS1013a_020	AQ_1	AQ_1	AQ_1
FIS1013a	FIS1013a_021	AQ_1	AQ_1	AQ_1
FIS1013a	FIS1013a_022	AQ_1	AQ_1	AQ_1
FIS1013a	FIS1013a_023	AQ_1	AQ_1	AQ_1
FIS1013a	FIS1013a_024	AQ_1	AQ_1	AQ_1
FIS1013a	FIS1013a_025	AQ_1	AQ_1	AQ_1
FIS1013a	FIS1013a_026	AQ_1	AQ_1	AQ_1
FIS1013a	FIS1013a_027	AQ_1	AQ_1	AQ_1
FIS1013a	FIS1013a_028	AQ_1	AQ_1	AQ_1
FIS1013a	FIS1013a_029	AQ_1	AQ_1	AQ_1
FIS1013a	FIS1013a_030	AQ_1	AQ_1	AQ_1
GOO0423	GOO0423_001s	GOO	CT	CT_spat
GOO0423	GOO0423_002s	GOO	CT	CT_spat
GOO0423	GOO0423_003s	GOO	CT	CT_spat
GOO0423	GOO0423_004s	GOO	CT	CT_spat
GOO0423	GOO0423_006s	GOO	CT	CT_spat
GOO0423	GOO0423_007s	GOO	CT	CT_spat
GOO0423	GOO0423_008s	GOO	CT	CT_spat
GOO0423	GOO0423_009s	GOO	CT	CT_spat
GOO0423	GOO0423_010s	GOO	CT	CT_spat
GOO0423	GOO0423_011s	GOO	CT	CT_spat
GOO0423	GOO0423_012s	GOO	CT	CT_spat
GOO0423	GOO0423_013s	GOO	CT	CT_spat
GOO0423	GOO0423_014s	GOO	CT	CT_spat
GOO0423	GOO0423_015s	GOO	CT	CT_spat
GOO0423	GOO0423_016s	GOO	CT	CT_spat
GOO0423	GOO0423_018s	GOO	CT	CT_spat
GOO0423	GOO0423_019s	GOO	CT	CT_spat
GOO0423	GOO0423_020s	GOO	CT	CT_spat
GOO0423	GOO0423_021s	GOO	CT	CT_spat
GOO0423	GOO0423_022s	GOO	CT	CT_spat
GOO0423	GOO0423_023s	GOO	CT	CT_spat
GOO0423	GOO0423_024s	GOO	CT	CT_spat
GOO0423	GOO0423_025s	GOO	CT	CT_spat
GOO0423	GOO0423_026s	GOO	CT	CT_spat
GOO0423	GOO0423_027s	GOO	CT	CT_spat
GOO0423	GOO0423_028s	GOO	CT	CT_spat
GOO0423	GOO0423_029s	GOO	CT	CT_spat
GOO0423	GOO0423_030s	GOO	CT	CT_spat
GOO0423	GOO0423_031s	GOO	CT	CT_spat
GOO0423	GOO0423_032s	GOO	CT	CT_spat
GOO0423	GOO0423_033s	GOO	CT	CT_spat
GOO0423	GOO0423_034s	GOO	CT	CT_spat
GOO0423	GOO0423_035s	GOO	CT	CT_spat
GOO0423	GOO0423_036s	GOO	CT	CT_spat
GOO0423	GOO0423_037s	GOO	CT	CT_spat
GOO0423	GOO0423_038s	GOO	CT	CT_spat
GOO0423	GOO0423_039s	GOO	CT	CT_spat
GOO0423	GOO0423_040s	GOO	CT	CT_spat
GOO0423	GOO0423_041s	GOO	CT	CT_spat
GOO0423	GOO0423_042s	GOO	CT	CT_spat
GOO0423	GOO0423_043s	GOO	CT	CT_spat
GOO0423	GOO0423_044s	GOO	CT	CT_spat
GOO0423	GOO0423_045s	GOO	CT	CT_spat
HAM0423	HAM0423_001s	HAM	CT	CT_spat
HAM0423	HAM0423_002s	HAM	CT	CT_spat
HAM0423	HAM0423_003s	HAM	CT	CT_spat
HAM0423	HAM0423_004s	HAM	CT	CT_spat
HAM0423	HAM0423_005s	HAM	CT	CT_spat
HAM0423	HAM0423_006s	HAM	CT	CT_spat
HAM0423	HAM0423_007s	HAM	CT	CT_spat
HAM0423	HAM0423_008s	HAM	CT	CT_spat
HAM0423	HAM0423_009s	HAM	CT	CT_spat
HAM0423	HAM0423_010s	HAM	CT	CT_spat
HAM0423	HAM0423_011s	HAM	CT	CT_spat
HAM0423	HAM0423_012s	HAM	CT	CT_spat
HAM0423	HAM0423_013s	HAM	CT	CT_spat
HAM0423	HAM0423_014s	HAM	CT	CT_spat
HAM0423	HAM0423_015s	HAM	CT	CT_spat
HAM0423	HAM0423_016s	HAM	CT	CT_spat
HAM0423	HAM0423_017s	HAM	CT	CT_spat
HAM0423	HAM0423_018s	HAM	CT	CT_spat
HAM0423	HAM0423_019s	HAM	CT	CT_spat
HAM0423	HAM0423_020s	HAM	CT	CT_spat
HAM0423	HAM0423_021s	HAM	CT	CT_spat
HAM0423	HAM0423_022s	HAM	CT	CT_spat
HAM0423	HAM0423_023s	HAM	CT	CT_spat
HAM0423	HAM0423_024s	HAM	CT	CT_spat
HAM0423	HAM0423_025s	HAM	CT	CT_spat
HAM0423	HAM0423_026s	HAM	CT	CT_spat
HAM0423	HAM0423_027s	HAM	CT	CT_spat
HAM0423	HAM0423_028s	HAM	CT	CT_spat
HAM0423	HAM0423_029s	HAM	CT	CT_spat
HAM0423	HAM0423_030s	HAM	CT	CT_spat
HAM0423	HAM0423_031s	HAM	CT	CT_spat
HAM0423	HAM0423_032s	HAM	CT	CT_spat
HAM0423	HAM0423_033s	HAM	CT	CT_spat
HAM0423	HAM0423_034s	HAM	CT	CT_spat
HAM0423	HAM0423_035s	HAM	CT	CT_spat
HAM0423	HAM0423_036s	HAM	CT	CT_spat
HAM0423	HAM0423_037s	HAM	CT	CT_spat
HAM0423	HAM0423_038s	HAM	CT	CT_spat
HAM0423	HAM0423_039s	HAM	CT	CT_spat
HAM0423	HAM0423_040s	HAM	CT	CT_spat
HAM0423	HAM0423_041s	HAM	CT	CT_spat
HAM0423	HAM0423_042s	HAM	CT	CT_spat
HAM0423	HAM0423_043s	HAM	CT	CT_spat
HAM0423	HAM0423_044s	HAM	CT	CT_spat
HH1013a	HH1013a_003	Hudson	Hudson	Hudson
HH1013a	HH1013a_009	Hudson	Hudson	Hudson
HH1013a	HH1013a_010	Hudson	Hudson	Hudson
HH1013a	HH1013a_017	Hudson	Hudson	Hudson
HH1013s	HH1013s_002	Hudson	Hudson	Hudson
HH1013s	HH1013s_003	Hudson	Hudson	Hudson
HH1013s	HH1013s_004	Hudson	Hudson	Hudson
HH1013s	HH1013s_005	Hudson	Hudson	Hudson
HH1013s	HH1013s_006	Hudson	Hudson	Hudson
HH1013s	HH1013s_007	Hudson	Hudson	Hudson
HH1013s	HH1013s_009	Hudson	Hudson	Hudson
HH1013s	HH1013s_010	Hudson	Hudson	Hudson
HH1013s	HH1013s_013	Hudson	Hudson	Hudson
HH1013s	HH1013s_014	Hudson	Hudson	Hudson
HH1013s	HH1013s_016	Hudson	Hudson	Hudson
HH1013s	HH1013s_018	Hudson	Hudson	Hudson
HH1013s	HH1013s_019	Hudson	Hudson	Hudson
HH1013s	HH1013s_020	Hudson	Hudson	Hudson
HH1013s	HH1013s_021	Hudson	Hudson	Hudson
HH1013s	HH1013s_022	Hudson	Hudson	Hudson
HH1013s	HH1013s_024	Hudson	Hudson	Hudson
HH1013s	HH1013s_028	Hudson	Hudson	Hudson
HH1013s	HH1013s_029	Hudson	Hudson	Hudson
HH1013s	HH1013s_030	Hudson	Hudson	Hudson
HH1013s	HH1013s_031	Hudson	Hudson	Hudson
HH1013s	HH1013s_033	Hudson	Hudson	Hudson
HRP22	HRP22_001	Hudson	Hudson	Hudson
HRP22	HRP22_002	Hudson	Hudson	Hudson
HRP22	HRP22_003	Hudson	Hudson	Hudson
HRP22	HRP22_004	Hudson	Hudson	Hudson
HRP22	HRP22_005	Hudson	Hudson	Hudson
HRP22	HRP22_006	Hudson	Hudson	Hudson
HRP22	HRP22_007	Hudson	Hudson	Hudson
HRP22	HRP22_008	Hudson	Hudson	Hudson
HRP22	HRP22_009	Hudson	Hudson	Hudson
HRP22	HRP22_010	Hudson	Hudson	Hudson
HRP22	HRP22_011	Hudson	Hudson	Hudson
HRP22	HRP22_012	Hudson	Hudson	Hudson
HRP22	HRP22_013	Hudson	Hudson	Hudson
HRP22	HRP22_014	Hudson	Hudson	Hudson
HRP22	HRP22_016	Hudson	Hudson	Hudson
HRP22	HRP22_017	Hudson	Hudson	Hudson
HRP22	HRP22_018	Hudson	Hudson	Hudson
HRP22	HRP22_019	Hudson	Hudson	Hudson
HRP22	HRP22_020	Hudson	Hudson	Hudson
HRP22	HRP22_021	Hudson	Hudson	Hudson
HRP22	HRP22_022	Hudson	Hudson	Hudson
HRP22	HRP22_023	Hudson	Hudson	Hudson
HRP22	HRP22_024	Hudson	Hudson	Hudson
HRP22	HRP22_026	Hudson	Hudson	Hudson
LOP0423	LOP0423_001s	LOP	CT	CT_spat
LOP0423	LOP0423_002s	LOP	CT	CT_spat
LOP0423	LOP0423_003s	LOP	CT	CT_spat
LOP0423	LOP0423_004s	LOP	CT	CT_spat
LOP0423	LOP0423_005s	LOP	CT	CT_spat
LOP0423	LOP0423_006s	LOP	CT	CT_spat
LOP0423	LOP0423_007s	LOP	CT	CT_spat
LOP0423	LOP0423_008s	LOP	CT	CT_spat
LOP0423	LOP0423_009s	LOP	CT	CT_spat
LOP0423	LOP0423_010s	LOP	CT	CT_spat
LOP0423	LOP0423_011s	LOP	CT	CT_spat
LOP0423	LOP0423_012s	LOP	CT	CT_spat
LOP0423	LOP0423_013s	LOP	CT	CT_spat
LOP0423	LOP0423_014s	LOP	CT	CT_spat
LOP0423	LOP0423_015s	LOP	CT	CT_spat
LOP0423	LOP0423_016s	LOP	CT	CT_spat
LOP0423	LOP0423_017s	LOP	CT	CT_spat
LOP0423	LOP0423_018s	LOP	CT	CT_spat
LOP0423	LOP0423_019s	LOP	CT	CT_spat
LOP0423	LOP0423_020s	LOP	CT	CT_spat
LOP0423	LOP0423_021s	LOP	CT	CT_spat
LOP0423	LOP0423_022s	LOP	CT	CT_spat
LOP0423	LOP0423_023s	LOP	CT	CT_spat
LOP0423	LOP0423_025s	LOP	CT	CT_spat
LOP0423	LOP0423_026s	LOP	CT	CT_spat
LOP0423	LOP0423_027s	LOP	CT	CT_spat
LOP0423	LOP0423_028s	LOP	CT	CT_spat
LOP0423	LOP0423_029s	LOP	CT	CT_spat
LOP0423	LOP0423_030s	LOP	CT	CT_spat
LOP0423	LOP0423_031s	LOP	CT	CT_spat
LOP0423	LOP0423_032s	LOP	CT	CT_spat
LOP0423	LOP0423_033s	LOP	CT	CT_spat
LOP0423	LOP0423_034s	LOP	CT	CT_spat
LOP0423	LOP0423_035s	LOP	CT	CT_spat
LOP0423	LOP0423_036s	LOP	CT	CT_spat
LOP0423	LOP0423_037s	LOP	CT	CT_spat
LOP0423	LOP0423_038s	LOP	CT	CT_spat
LOP0423	LOP0423_039s	LOP	CT	CT_spat
LOP0423	LOP0423_040s	LOP	CT	CT_spat
LOP0423	LOP0423_041s	LOP	CT	CT_spat
LOP0423	LOP0423_042s	LOP	CT	CT_spat
LOP0423	LOP0423_043s	LOP	CT	CT_spat
LOP0423	LOP0423_044s	LOP	CT	CT_spat
LOP0423	LOP0423_045s	LOP	CT	CT_spat
LOP0423	LOP0423_046s	LOP	CT	CT_spat
LOP0423	LOP0423_047s	LOP	CT	CT_spat
LOP0423	LOP0423_048s	LOP	CT	CT_spat
LOP0423	LOP0423_049s	LOP	CT	CT_spat
LOP0423	LOP0423_050s	LOP	CT	CT_spat
LOP0423	LOP0423_051s	LOP	CT	CT_spat
LOP0423	LOP0423_052s	LOP	CT	CT_spat
LOP0423	LOP0423_053s	LOP	CT	CT_spat
LOP0423	LOP0423_054s	LOP	CT	CT_spat
LOP0423	LOP0423_055s	LOP	CT	CT_spat
MCK0423	MCK0423_001s	MCK	CT	CT_spat
MCK0423	MCK0423_002s	MCK	CT	CT_spat
MCK0423	MCK0423_003s	MCK	CT	CT_spat
MCK0423	MCK0423_004s	MCK	CT	CT_spat
MCK0423	MCK0423_005s	MCK	CT	CT_spat
MCK0423	MCK0423_006s	MCK	CT	CT_spat
MCK0423	MCK0423_007s	MCK	CT	CT_spat
MCK0423	MCK0423_008s	MCK	CT	CT_spat
MCK0423	MCK0423_009s	MCK	CT	CT_spat
MCK0423	MCK0423_010s	MCK	CT	CT_spat
MCK0423	MCK0423_011s	MCK	CT	CT_spat
MCK0423	MCK0423_012s	MCK	CT	CT_spat
MCK0423	MCK0423_013s	MCK	CT	CT_spat
MCK0423	MCK0423_014s	MCK	CT	CT_spat
MCK0423	MCK0423_015s	MCK	CT	CT_spat
MCK0423	MCK0423_016s	MCK	CT	CT_spat
MCK0423	MCK0423_017s	MCK	CT	CT_spat
MCK0423	MCK0423_018s	MCK	CT	CT_spat
MCK0423	MCK0423_019s	MCK	CT	CT_spat
MCK0423	MCK0423_020s	MCK	CT	CT_spat
MCK0423	MCK0423_021s	MCK	CT	CT_spat
MCK0423	MCK0423_022s	MCK	CT	CT_spat
MCK0423	MCK0423_023s	MCK	CT	CT_spat
MCK0423	MCK0423_024s	MCK	CT	CT_spat
MCK0423	MCK0423_025s	MCK	CT	CT_spat
MCK0423	MCK0423_026s	MCK	CT	CT_spat
MCK0423	MCK0423_027s	MCK	CT	CT_spat
MCK0423	MCK0423_028s	MCK	CT	CT_spat
MCK0423	MCK0423_029s	MCK	CT	CT_spat
MCK0423	MCK0423_030s	MCK	CT	CT_spat
MCK0423	MCK0423_031s	MCK	CT	CT_spat
MCK0423	MCK0423_032s	MCK	CT	CT_spat
MCK0423	MCK0423_033s	MCK	CT	CT_spat
MCK0423	MCK0423_034s	MCK	CT	CT_spat
MCK0423	MCK0423_035s	MCK	CT	CT_spat
MCK0423	MCK0423_036s	MCK	CT	CT_spat
MCK0423	MCK0423_037s	MCK	CT	CT_spat
MIH0423	MIH0423_001s	MIH	CT	CT_spat
MIH0423	MIH0423_002s	MIH	CT	CT_spat
MIH0423	MIH0423_003s	MIH	CT	CT_spat
MIH0423	MIH0423_004s	MIH	CT	CT_spat
MIH0423	MIH0423_005s	MIH	CT	CT_spat
MIH0423	MIH0423_006s	MIH	CT	CT_spat
MIH0423	MIH0423_007s	MIH	CT	CT_spat
MIH0423	MIH0423_008s	MIH	CT	CT_spat
MIH0423	MIH0423_009s	MIH	CT	CT_spat
MIH0423	MIH0423_010s	MIH	CT	CT_spat
MIH0423	MIH0423_011s	MIH	CT	CT_spat
MIH0423	MIH0423_012s	MIH	CT	CT_spat
MIH0423	MIH0423_013s	MIH	CT	CT_spat
MIH0423	MIH0423_014s	MIH	CT	CT_spat
MIH0423	MIH0423_015s	MIH	CT	CT_spat
MIH0423	MIH0423_016s	MIH	CT	CT_spat
MIH0423	MIH0423_017s	MIH	CT	CT_spat
MIH0423	MIH0423_018s	MIH	CT	CT_spat
MIH0423	MIH0423_019s	MIH	CT	CT_spat
MIH0423	MIH0423_020s	MIH	CT	CT_spat
MIH0423	MIH0423_021s	MIH	CT	CT_spat
MIH0423	MIH0423_022s	MIH	CT	CT_spat
MIH0423	MIH0423_023s	MIH	CT	CT_spat
MIH0423	MIH0423_024s	MIH	CT	CT_spat
MIH0423	MIH0423_025s	MIH	CT	CT_spat
MIH0423	MIH0423_026s	MIH	CT	CT_spat
MIH0423	MIH0423_027s	MIH	CT	CT_spat
MIH0423	MIH0423_028s	MIH	CT	CT_spat
MIH0423	MIH0423_029s	MIH	CT	CT_spat
MIH0423	MIH0423_030s	MIH	CT	CT_spat
MIH0423	MIH0423_031s	MIH	CT	CT_spat
MIH0423	MIH0423_032s	MIH	CT	CT_spat
MIH0423	MIH0423_033s	MIH	CT	CT_spat
MIH0423	MIH0423_034s	MIH	CT	CT_spat
MIH0423	MIH0423_035s	MIH	CT	CT_spat
MIH0423	MIH0423_036s	MIH	CT	CT_spat
MIH0423	MIH0423_037s	MIH	CT	CT_spat
MIH0423	MIH0423_038s	MIH	CT	CT_spat
MIH0423	MIH0423_039s	MIH	CT	CT_spat
MIH0423	MIH0423_040s	MIH	CT	CT_spat
MIH0423	MIH0423_041s	MIH	CT	CT_spat
MIH0423	MIH0423_042s	MIH	CT	CT_spat
NRH0423	NRH0423_001s	NRH	CT	CT_spat
NRH0423	NRH0423_002s	NRH	CT	CT_spat
NRH0423	NRH0423_003s	NRH	CT	CT_spat
NRH0423	NRH0423_004s	NRH	CT	CT_spat
NRH0423	NRH0423_005s	NRH	CT	CT_spat
NRH0423	NRH0423_006s	NRH	CT	CT_spat
NRH0423	NRH0423_007s	NRH	CT	CT_spat
NRH0423	NRH0423_008s	NRH	CT	CT_spat
NRH0423	NRH0423_009s	NRH	CT	CT_spat
NRH0423	NRH0423_010s	NRH	CT	CT_spat
NRH0423	NRH0423_011s	NRH	CT	CT_spat
NRH0423	NRH0423_012s	NRH	CT	CT_spat
NRH0423	NRH0423_013s	NRH	CT	CT_spat
NRH0423	NRH0423_014s	NRH	CT	CT_spat
NRH0423	NRH0423_015s	NRH	CT	CT_spat
NRH0423	NRH0423_016s	NRH	CT	CT_spat
NRH0423	NRH0423_017s	NRH	CT	CT_spat
NRH0423	NRH0423_018s	NRH	CT	CT_spat
NRH0423	NRH0423_019s	NRH	CT	CT_spat
NRH0423	NRH0423_020s	NRH	CT	CT_spat
NRH0423	NRH0423_021s	NRH	CT	CT_spat
NRH0423	NRH0423_022s	NRH	CT	CT_spat
NRH0423	NRH0423_023s	NRH	CT	CT_spat
NRH0423	NRH0423_024s	NRH	CT	CT_spat
NRH0423	NRH0423_025s	NRH	CT	CT_spat
NRH0423	NRH0423_026s	NRH	CT	CT_spat
NRH0423	NRH0423_027s	NRH	CT	CT_spat
NRH0423	NRH0423_028s	NRH	CT	CT_spat
NRH0423	NRH0423_029s	NRH	CT	CT_spat
NRH0423	NRH0423_030s	NRH	CT	CT_spat
NRH0423	NRH0423_031s	NRH	CT	CT_spat
NRH0423	NRH0423_032s	NRH	CT	CT_spat
NRH0423	NRH0423_033s	NRH	CT	CT_spat
NRH0423	NRH0423_034s	NRH	CT	CT_spat
NRH0423	NRH0423_035s	NRH	CT	CT_spat
NRH0423	NRH0423_036s	NRH	CT	CT_spat
NRH0423	NRH0423_037s	NRH	CT	CT_spat
NRH0423	NRH0423_038s	NRH	CT	CT_spat
NRH0423	NRH0423_039s	NRH	CT	CT_spat
NRH0423	NRH0423_040s	NRH	CT	CT_spat
NRH0423	NRH0423_041s	NRH	CT	CT_spat
NRH0423	NRH0423_042s	NRH	CT	CT_spat
SAB0423	SAB0423_001s	SAB	CT	CT_spat
SAB0423	SAB0423_002s	SAB	CT	CT_spat
SAB0423	SAB0423_003s	SAB	CT	CT_spat
SAB0423	SAB0423_004s	SAB	CT	CT_spat
SAB0423	SAB0423_005s	SAB	CT	CT_spat
SAB0423	SAB0423_006s	SAB	CT	CT_spat
SAB0423	SAB0423_007s	SAB	CT	CT_spat
SAB0423	SAB0423_008s	SAB	CT	CT_spat
SAB0423	SAB0423_009s	SAB	CT	CT_spat
SAB0423	SAB0423_010s	SAB	CT	CT_spat
SAB0423	SAB0423_011s	SAB	CT	CT_spat
SAB0423	SAB0423_012s	SAB	CT	CT_spat
SAB0423	SAB0423_013s	SAB	CT	CT_spat
SAB0423	SAB0423_014s	SAB	CT	CT_spat
SAB0423	SAB0423_015s	SAB	CT	CT_spat
SAB0423	SAB0423_016s	SAB	CT	CT_spat
SAB0423	SAB0423_017s	SAB	CT	CT_spat
SAB0423	SAB0423_018s	SAB	CT	CT_spat
SAB0423	SAB0423_019s	SAB	CT	CT_spat
SAB0423	SAB0423_020s	SAB	CT	CT_spat
SAB0423	SAB0423_021s	SAB	CT	CT_spat
SAB0423	SAB0423_022s	SAB	CT	CT_spat
SAB0423	SAB0423_023s	SAB	CT	CT_spat
SAB0423	SAB0423_024s	SAB	CT	CT_spat
SAB0423	SAB0423_025s	SAB	CT	CT_spat
SAB0423	SAB0423_026s	SAB	CT	CT_spat
SAB0423	SAB0423_027s	SAB	CT	CT_spat
SAB0423	SAB0423_028s	SAB	CT	CT_spat
SAB0423	SAB0423_029s	SAB	CT	CT_spat
SAB0423	SAB0423_030s	SAB	CT	CT_spat
SAB0423	SAB0423_031s	SAB	CT	CT_spat
SAB0423	SAB0423_032s	SAB	CT	CT_spat
SAB0423	SAB0423_033s	SAB	CT	CT_spat
SAB0423	SAB0423_035s	SAB	CT	CT_spat
SAB0423	SAB0423_036s	SAB	CT	CT_spat
SAB0423	SAB0423_037s	SAB	CT	CT_spat
SAB0423	SAB0423_038s	SAB	CT	CT_spat
SAB0423	SAB0423_039s	SAB	CT	CT_spat
SAB0423	SAB0423_040s	SAB	CT	CT_spat
SAB0423	SAB0423_041s	SAB	CT	CT_spat
SAB0423	SAB0423_042s	SAB	CT	CT_spat
SAB0423	SAB0423_043s	SAB	CT	CT_spat
SAB0423	SAB0423_044s	SAB	CT	CT_spat
SAB0423	SAB0423_045s	SAB	CT	CT_spat
SAB0423	SAB0423_046s	SAB	CT	CT_spat
SAB0423	SAB0423_047s	SAB	CT	CT_spat
SAB0423	SAB0423_048s	SAB	CT	CT_spat
SAB0423	SAB0423_049s	SAB	CT	CT_spat
SAB0423	SAB0423_050s	SAB	CT	CT_spat
SPT22s	SPT22s_001	SPT	CT	CT_spat
SPT22s	SPT22s_002	SPT	CT	CT_spat
SPT22s	SPT22s_003	SPT	CT	CT_spat
SPT22s	SPT22s_004	SPT	CT	CT_spat
SPT22s	SPT22s_005	SPT	CT	CT_spat
SPT22s	SPT22s_006	SPT	CT	CT_spat
SPT22s	SPT22s_007	SPT	CT	CT_spat
SPT22s	SPT22s_008	SPT	CT	CT_spat
SPT22s	SPT22s_009	SPT	CT	CT_spat
SPT22s	SPT22s_010	SPT	CT	CT_spat
SPT22s	SPT22s_011	SPT	CT	CT_spat
SPT22s	SPT22s_012	SPT	CT	CT_spat
SPT22s	SPT22s_013	SPT	CT	CT_spat
SPT22s	SPT22s_014	SPT	CT	CT_spat
SPT22s	SPT22s_015	SPT	CT	CT_spat
SPT22s	SPT22s_016	SPT	CT	CT_spat
SPT22s	SPT22s_017	SPT	CT	CT_spat
SPT22s	SPT22s_018	SPT	CT	CT_spat
SPT22s	SPT22s_019	SPT	CT	CT_spat
SPT22s	SPT22s_020	SPT	CT	CT_spat
SPT22s	SPT22s_021	SPT	CT	CT_spat
SPT22s	SPT22s_022	SPT	CT	CT_spat
SPT22s	SPT22s_023	SPT	CT	CT_spat
SPT22s	SPT22s_024	SPT	CT	CT_spat
SPT22s	SPT22s_025	SPT	CT	CT_spat
SPT22s	SPT22s_026	SPT	CT	CT_spat
SPT22s	SPT22s_027	SPT	CT	CT_spat
SPT22s	SPT22s_028	SPT	CT	CT_spat
SPT22s	SPT22s_029	SPT	CT	CT_spat
SPT22s	SPT22s_030	SPT	CT	CT_spat
SPT22s	SPT22s_031	SPT	CT	CT_spat
SPT22s	SPT22s_032	SPT	CT	CT_spat
SPT22s	SPT22s_033	SPT	CT	CT_spat
SPT22s	SPT22s_034	SPT	CT	CT_spat
SPT22s	SPT22s_035	SPT	CT	CT_spat
SPT22s	SPT22s_036	SPT	CT	CT_spat
SPT22s	SPT22s_037	SPT	CT	CT_spat
SPT22s	SPT22s_038	SPT	CT	CT_spat
SPT22s	SPT22s_039	SPT	CT	CT_spat
SPT22s	SPT22s_040	SPT	CT	CT_spat
SPT22s	SPT22s_041	SPT	CT	CT_spat
SPT22s	SPT22s_042	SPT	CT	CT_spat
SPT22s	SPT22s_043	SPT	CT	CT_spat
SPT22s	SPT22s_044	SPT	CT	CT_spat
SPT22s	SPT22s_045	SPT	CT	CT_spat
SPT22s	SPT22s_047	SPT	CT	CT_spat
SPT22s	SPT22s_048	SPT	CT	CT_spat
SPT22s	SPT22s_049	SPT	CT	CT_spat
SPT22s	SPT22s_050	SPT	CT	CT_spat
SPT22s	SPT22s_051	SPT	CT	CT_spat
SPT22s	SPT22s_052	SPT	CT	CT_spat
SPT22s	SPT22s_053	SPT	CT	CT_spat
SPT22s	SPT22s_054	SPT	CT	CT_spat
SPT22s	SPT22s_055	SPT	CT	CT_spat
SPT22s	SPT22s_056	SPT	CT	CT_spat
SPT22s	SPT22s_057	SPT	CT	CT_spat
SPT22s	SPT22s_058	SPT	CT	CT_spat
SPT22s	SPT22s_059	SPT	CT	CT_spat
SPT22s	SPT22s_060	SPT	CT	CT_spat
SPT22s	SPT22s_061	SPT	CT	CT_spat
SPT22s	SPT22s_062	SPT	CT	CT_spat
SPT22s	SPT22s_063	SPT	CT	CT_spat
SPT22s	SPT22s_064	SPT	CT	CT_spat
SPT22s	SPT22s_065	SPT	CT	CT_spat
SPT22s	SPT22s_066	SPT	CT	CT_spat
SPT22s	SPT22s_067	SPT	CT	CT_spat
SPT22s	SPT22s_068	SPT	CT	CT_spat
SPT22s	SPT22s_069	SPT	CT	CT_spat
SPT22s	SPT22s_070	SPT	CT	CT_spat
SPT22s	SPT22s_071	SPT	CT	CT_spat
SPT22s	SPT22s_072	SPT	CT	CT_spat
SPT22s	SPT22s_073	SPT	CT	CT_spat
SPT22s	SPT22s_074	SPT	CT	CT_spat
SPT22s	SPT22s_075	SPT	CT	CT_spat
SPT22s	SPT22s_076	SPT	CT	CT_spat
SPT22s	SPT22s_077	SPT	CT	CT_spat
SPT22s	SPT22s_078	SPT	CT	CT_spat
SPT22s	SPT22s_079	SPT	CT	CT_spat
SPT22s	SPT22s_080	SPT	CT	CT_spat
SPT22s	SPT22s_081	SPT	CT	CT_spat
SPT22s	SPT22s_082	SPT	CT	CT_spat
SPT22s	SPT22s_083	SPT	CT	CT_spat
SPT22s	SPT22s_084	SPT	CT	CT_spat
SPT22s	SPT22s_085	SPT	CT	CT_spat
SPT22s	SPT22s_086	SPT	CT	CT_spat
SPT22s	SPT22s_087	SPT	CT	CT_spat
SPT22s	SPT22s_088	SPT	CT	CT_spat
SPT22s	SPT22s_089	SPT	CT	CT_spat
SPT22s	SPT22s_090	SPT	CT	CT_spat
SPT22s	SPT22s_091	SPT	CT	CT_spat
SPT22s	SPT22s_092	SPT	CT	CT_spat
SPT22s	SPT22s_093	SPT	CT	CT_spat
SPT22s	SPT22s_094	SPT	CT	CT_spat
SPT22s	SPT22s_095	SPT	CT	CT_spat
SPT22s	SPT22s_096	SPT	CT	CT_spat
SPT22s	SPT22s_097	SPT	CT	CT_spat
SPT22s	SPT22s_098	SPT	CT	CT_spat
SPT22s	SPT22s_099	SPT	CT	CT_spat
SPT22s	SPT22s_100	SPT	CT	CT_spat
SPT22s	SPT22s_101	SPT	CT	CT_spat
SPT22s	SPT22s_102	SPT	CT	CT_spat
SPT22s	SPT22s_103	SPT	CT	CT_spat
SPT22s	SPT22s_104	SPT	CT	CT_spat
SPT22s	SPT22s_105	SPT	CT	CT_spat
SPT22s	SPT22s_106	SPT	CT	CT_spat
SPT22s	SPT22s_107	SPT	CT	CT_spat
SPT22s	SPT22s_108	SPT	CT	CT_spat
SPT22s	SPT22s_109	SPT	CT	CT_spat
SPT22s	SPT22s_110	SPT	CT	CT_spat
SPT22s	SPT22s_111	SPT	CT	CT_spat
SPT22s	SPT22s_112	SPT	CT	CT_spat
SPT22s	SPT22s_113	SPT	CT	CT_spat
SPT22s	SPT22s_114	SPT	CT	CT_spat
SPT22s	SPT22s_115	SPT	CT	CT_spat
SPT22s	SPT22s_116	SPT	CT	CT_spat
SPT22s	SPT22s_117	SPT	CT	CT_spat
SPT22s	SPT22s_118	SPT	CT	CT_spat
SPT22s	SPT22s_119	SPT	CT	CT_spat
SPT22s	SPT22s_120	SPT	CT	CT_spat
SPT22s	SPT22s_121	SPT	CT	CT_spat
SPT22s	SPT22s_122	SPT	CT	CT_spat
SPT22s	SPT22s_123	SPT	CT	CT_spat
SPT22s	SPT22s_124	SPT	CT	CT_spat
SPT22s	SPT22s_126	SPT	CT	CT_spat
SV0512a	SV0512a_001	East	East	East
SV0512a	SV0512a_002	East	East	East
SV0512a	SV0512a_003	East	East	East
SV0512a	SV0512a_005	East	East	East
SV0512a	SV0512a_006	East	East	East
SV0512a	SV0512a_007	East	East	East
SV0512a	SV0512a_008	East	East	East
SV0512a	SV0512a_009	East	East	East
SV0512a	SV0512a_010	East	East	East
SV0512a	SV0512a_011	East	East	East
SV0512a	SV0512a_012	East	East	East
SV0512a	SV0512a_013	East	East	East
SV0512a	SV0512a_014	East	East	East
SV0512a	SV0512a_015	East	East	East
SV0512a	SV0512a_016	East	East	East
SV0512a	SV0512a_017	East	East	East
SV0512a	SV0512a_018	East	East	East
SV0512a	SV0512a_019	East	East	East
SV0512a	SV0512a_020	East	East	East
SV0512a	SV0512a_021	East	East	East
SV0512a	SV0512a_022	East	East	East
SV0512a	SV0512a_023	East	East	East
SV0512a	SV0512a_024	East	East	East
SV0512a	SV0512a_025	East	East	East
SV1013a	SV1013a_002	East	East	East
SV1013a	SV1013a_003	East	East	East
SV1013a	SV1013a_004	East	East	East
SV1013a	SV1013a_005	East	East	East
SV1013a	SV1013a_006	East	East	East
SV1013a	SV1013a_007	East	East	East
SV1013a	SV1013a_008	East	East	East
SV1013a	SV1013a_009	East	East	East
SV1013a	SV1013a_010	East	East	East
SV1013a	SV1013a_011	East	East	East
SV1013a	SV1013a_012	East	East	East
SV1013a	SV1013a_015	East	East	East
SV1013a	SV1013a_016	East	East	East
SV1013a	SV1013a_018	East	East	East
SV1013a	SV1013a_026	East	East	East
SV1013a	SV1013a_027	East	East	East
SV1013a	SV1013a_028	East	East	East
SV1013a	SV1013a_029	East	East	East
SV1013a	SV1013a_031	East	East	East
SV1013a	SV1013a_032	East	East	East
SV1013a	SV1013a_033	East	East	East
SV1013a	SV1013a_035	East	East	East
SV1013a	SV1013a_036	East	East	East
SV1013a	SV1013a_037	East	East	East
SV1013a	SV1013a_038	East	East	East
SV1013a	SV1013a_039	East	East	East
SV1013a	SV1013a_044	East	East	East
SV1013a	SV1013a_046	East	East	East
SV1013a	SV1013a_049	East	East	East
SV1013a	SV1013a_053	East	East	East
SV1013a	SV1013a_054	East	East	East
SV1013a	SV1013a_056	East	East	East
SV1013a	SV1013a_057	East	East	East
SV1013a	SV1013a_058	East	East	East
TOC0423	TOC0423_001s	TOC	CT	CT_spat
TOC0423	TOC0423_002s	TOC	CT	CT_spat
TOC0423	TOC0423_003s	TOC	CT	CT_spat
TOC0423	TOC0423_004s	TOC	CT	CT_spat
TOC0423	TOC0423_005s	TOC	CT	CT_spat
TOC0423	TOC0423_006s	TOC	CT	CT_spat
TOC0423	TOC0423_007s	TOC	CT	CT_spat
TOC0423	TOC0423_008s	TOC	CT	CT_spat
TOC0423	TOC0423_009s	TOC	CT	CT_spat
TOC0423	TOC0423_010s	TOC	CT	CT_spat
TOC0423	TOC0423_011s	TOC	CT	CT_spat
TOC0423	TOC0423_012s	TOC	CT	CT_spat
TOC0423	TOC0423_013s	TOC	CT	CT_spat
TOC0423	TOC0423_014s	TOC	CT	CT_spat
TOC0423	TOC0423_015s	TOC	CT	CT_spat
TOC0423	TOC0423_016s	TOC	CT	CT_spat
TOC0423	TOC0423_017s	TOC	CT	CT_spat
TOC0423	TOC0423_018s	TOC	CT	CT_spat
TOC0423	TOC0423_019s	TOC	CT	CT_spat
TOC0423	TOC0423_020s	TOC	CT	CT_spat
TOC0423	TOC0423_021s	TOC	CT	CT_spat
TOC0423	TOC0423_022s	TOC	CT	CT_spat
TOC0423	TOC0423_023s	TOC	CT	CT_spat
TOC0423	TOC0423_024s	TOC	CT	CT_spat
TOC0423	TOC0423_025s	TOC	CT	CT_spat
TOC0423	TOC0423_026s	TOC	CT	CT_spat
TOC0423	TOC0423_027s	TOC	CT	CT_spat
TOC0423	TOC0423_028s	TOC	CT	CT_spat
TOC0423	TOC0423_029s	TOC	CT	CT_spat
TOC0423	TOC0423_030s	TOC	CT	CT_spat
TOC0423	TOC0423_031s	TOC	CT	CT_spat
TOC0423	TOC0423_032s	TOC	CT	CT_spat
TOC0423	TOC0423_033s	TOC	CT	CT_spat
TOC0423	TOC0423_034s	TOC	CT	CT_spat
TOC0423	TOC0423_035s	TOC	CT	CT_spat
TOC0423	TOC0423_036s	TOC	CT	CT_spat
TOC0423	TOC0423_037s	TOC	CT	CT_spat
TOC0423	TOC0423_038s	TOC	CT	CT_spat
TOC0423	TOC0423_039s	TOC	CT	CT_spat
TOC0423	TOC0423_040s	TOC	CT	CT_spat
TOC0423	TOC0423_041s	TOC	CT	CT_spat
TOC0423	TOC0423_042s	TOC	CT	CT_spat
TOC0423	TOC0423_043s	TOC	CT	CT_spat
TOC0423	TOC0423_044s	TOC	CT	CT_spat
TOC0423	TOC0423_045s	TOC	CT	CT_spat
TOC0423	TOC0423_046s	TOC	CT	CT_spat
TOC0423	TOC0423_047s	TOC	CT	CT_spat
TOC0423	TOC0423_048s	TOC	CT	CT_spat
TOC0423	TOC0423_049s	TOC	CT	CT_spat
TOC0423	TOC0423_050s	TOC	CT	CT_spat
TOC0423	TOC0423_051s	TOC	CT	CT_spat
TOC0423	TOC0423_052s	TOC	CT	CT_spat
LIW2	LIW2-4	LIW2	CT	CT_adult
LIW2	LIW2-12	LIW2	CT	CT_adult
LIW2	LIW2-20	LIW2	CT	CT_adult
LIW2	LIW2-28	LIW2	CT	CT_adult
LIW1	LIW1-5	LIW1	CT	CT_adult
LIW1	LIW1-13	LIW1	CT	CT_adult
LIW1	LIW1-21	LIW1	CT	CT_adult
LIW1	LIW1-29	LIW1	CT	CT_adult
LIW2	LIW2-5	LIW2	CT	CT_adult
LIW2	LIW2-34	LIW2	CT	CT_adult
LIW2	LIW2-21	LIW2	CT	CT_adult
LIW2	LIW2-29	LIW2	CT	CT_adult
LIW1	LIW1-6	LIW1	CT	CT_adult
LIW1	LIW1-14	LIW1	CT	CT_adult
LIW1	LIW1-22	LIW1	CT	CT_adult
LIW1	LIW1-30	LIW1	CT	CT_adult
LIW2	LIW2-6	LIW2	CT	CT_adult
LIW2	LIW2-14	LIW2	CT	CT_adult
LIW2	LIW2-22	LIW2	CT	CT_adult
LIW2	LIW2-30	LIW2	CT	CT_adult
LIW1	LIW1-7	LIW1	CT	CT_adult
LIW1	LIW1-15	LIW1	CT	CT_adult
LIW1	LIW1-23	LIW1	CT	CT_adult
LIW1	LIW1-31	LIW1	CT	CT_adult
LIW2	LIW2-7	LIW2	CT	CT_adult
LIW2	LIW2-15	LIW2	CT	CT_adult
LIW2	LIW2-23	LIW2	CT	CT_adult
LIW1	LIW1-8	LIW1	CT	CT_adult
LIW1	LIW1-16	LIW1	CT	CT_adult
LIW2	LIW2-8	LIW2	CT	CT_adult
LIW2	LIW2-16	LIW2	CT	CT_adult
LIW2	LIW2-24	LIW2	CT	CT_adult
LIW2	LIW2-32	LIW2	CT	CT_adult
LIW1	LIW1-47	LIW1	CT	CT_adult
UMFS	UMFS-1	AQ_4	AQ_4	AQ_4
UMFS	UMFS-19	AQ_4	AQ_4	AQ_4
UMFS	UMFS-31	AQ_4	AQ_4	AQ_4
UMFS	UMFS-2	AQ_4	AQ_4	AQ_4
UMFS	UMFS-10	AQ_4	AQ_4	AQ_4
UMFS	UMFS-20	AQ_4	AQ_4	AQ_4
UMFS	UMFS-32	AQ_4	AQ_4	AQ_4
UMFS	UMFS-3	AQ_4	AQ_4	AQ_4
UMFS	UMFS-11	AQ_4	AQ_4	AQ_4
UMFS	UMFS-21	AQ_4	AQ_4	AQ_4
UMFS	UMFS-33	AQ_4	AQ_4	AQ_4
UMFS	UMFS-4	AQ_4	AQ_4	AQ_4
UMFS	UMFS-22	AQ_4	AQ_4	AQ_4
UMFS	UMFS-34	AQ_4	AQ_4	AQ_4
UMFS	UMFS-5	AQ_4	AQ_4	AQ_4
UMFS	UMFS-13	AQ_4	AQ_4	AQ_4
UMFS	UMFS-23	AQ_4	AQ_4	AQ_4
UMFS	UMFS-35	AQ_4	AQ_4	AQ_4
UMFS	UMFS-6	AQ_4	AQ_4	AQ_4
UMFS	UMFS-14	AQ_4	AQ_4	AQ_4
UMFS	UMFS-24	AQ_4	AQ_4	AQ_4
UMFS	UMFS-36	AQ_4	AQ_4	AQ_4
UMFS	UMFS-7	AQ_4	AQ_4	AQ_4
UMFS	UMFS-15	AQ_4	AQ_4	AQ_4
UMFS	UMFS-25	AQ_4	AQ_4	AQ_4
UMFS	UMFS-37	AQ_4	AQ_4	AQ_4
UMFS	UMFS-8	AQ_4	AQ_4	AQ_4
UMFS	UMFS-16	AQ_4	AQ_4	AQ_4
UMFS	UMFS-26	AQ_4	AQ_4	AQ_4
UMFS	UMFS-38	AQ_4	AQ_4	AQ_4
NEH1	NEH1-2	AQ_3	AQ_3	AQ_3
NEH1	NEH1-11	AQ_3	AQ_3	AQ_3
NEH1	NEH1-20	AQ_3	AQ_3	AQ_3
NEH1	NEH1-29	AQ_3	AQ_3	AQ_3
NEH2	NEH2-2	AQ_3	AQ_3	AQ_3
NEH2	NEH2-10	AQ_3	AQ_3	AQ_3
NEH2	NEH2-18	AQ_3	AQ_3	AQ_3
NEH2	NEH2-26	AQ_3	AQ_3	AQ_3
NEH1	NEH1-3	AQ_3	AQ_3	AQ_3
NEH1	NEH1-12	AQ_3	AQ_3	AQ_3
NEH1	NEH1-21	AQ_3	AQ_3	AQ_3
NEH1	NEH1-30	AQ_3	AQ_3	AQ_3
NEH2	NEH2-3	AQ_3	AQ_3	AQ_3
NEH2	NEH2-11	AQ_3	AQ_3	AQ_3
NEH2	NEH2-19	AQ_3	AQ_3	AQ_3
NEH2	NEH2-27	AQ_3	AQ_3	AQ_3
NEH1	NEH1-4	AQ_3	AQ_3	AQ_3
NEH1	NEH1-13	AQ_3	AQ_3	AQ_3
NEH1	NEH1-22	AQ_3	AQ_3	AQ_3
NEH1	NEH1-31	AQ_3	AQ_3	AQ_3
NEH2	NEH2-4	AQ_3	AQ_3	AQ_3
NEH2	NEH2-12	AQ_3	AQ_3	AQ_3
NEH2	NEH2-20	AQ_3	AQ_3	AQ_3
NEH2	NEH2-28	AQ_3	AQ_3	AQ_3
NEH1	NEH1-5	AQ_3	AQ_3	AQ_3
NEH1	NEH1-14	AQ_3	AQ_3	AQ_3
NEH1	NEH1-23	AQ_3	AQ_3	AQ_3
NEH1	NEH1-32	AQ_3	AQ_3	AQ_3
NEH2	NEH2-5	AQ_3	AQ_3	AQ_3
NEH2	NEH2-13	AQ_3	AQ_3	AQ_3
NEH2	NEH2-22	AQ_3	AQ_3	AQ_3
NEH2	NEH2-29	AQ_3	AQ_3	AQ_3
NEH1	NEH1-6	AQ_3	AQ_3	AQ_3
NEH1	NEH1-15	AQ_3	AQ_3	AQ_3
NEH1	NEH1-24	AQ_3	AQ_3	AQ_3
NEH1	NEH1-33	AQ_3	AQ_3	AQ_3
NEH2	NEH2-6	AQ_3	AQ_3	AQ_3
NEH2	NEH2-14	AQ_3	AQ_3	AQ_3
NEH2	NEH2-21	AQ_3	AQ_3	AQ_3
NEH2	NEH2-30	AQ_3	AQ_3	AQ_3
NEH1	NEH1-7	AQ_3	AQ_3	AQ_3
NEH1	NEH1-16	AQ_3	AQ_3	AQ_3
NEH1	NEH1-25	AQ_3	AQ_3	AQ_3
NEH1	NEH1-34	AQ_3	AQ_3	AQ_3
NEH2	NEH2-7	AQ_3	AQ_3	AQ_3
NEH2	NEH2-15	AQ_3	AQ_3	AQ_3
NEH2	NEH2-23	AQ_3	AQ_3	AQ_3
NEH2	NEH2-31	AQ_3	AQ_3	AQ_3
NEH1	NEH1-8	AQ_3	AQ_3	AQ_3
NEH1	NEH1-17	AQ_3	AQ_3	AQ_3
NEH1	NEH1-26	AQ_3	AQ_3	AQ_3
NEH1	NEH1-35	AQ_3	AQ_3	AQ_3
NEH2	NEH2-8	AQ_3	AQ_3	AQ_3
NEH2	NEH2-16	AQ_3	AQ_3	AQ_3
NEH2	NEH2-24	AQ_3	AQ_3	AQ_3
NEH2	NEH2-32	AQ_3	AQ_3	AQ_3
NEH1	NEH1-1	AQ_3	AQ_3	AQ_3
NEH1	NEH1-10	AQ_3	AQ_3	AQ_3
NEH1	NEH1-19	AQ_3	AQ_3	AQ_3
NEH1	NEH1-28	AQ_3	AQ_3	AQ_3
NEH2	NEH2-1	AQ_3	AQ_3	AQ_3
NEH2	NEH2-9	AQ_3	AQ_3	AQ_3
NEH2	NEH2-17	AQ_3	AQ_3	AQ_3
NEH2	NEH2-25	AQ_3	AQ_3	AQ_3
LIW1	LIW1-1	LIW1	CT	CT_adult
LIW1	LIW1-9	LIW1	CT	CT_adult
LIW1	LIW1-17	LIW1	CT	CT_adult
LIW1	LIW1-25	LIW1	CT	CT_adult
LIW2	LIW2-9	LIW2	CT	CT_adult
LIW2	LIW2-17	LIW2	CT	CT_adult
LIW2	LIW2-25	LIW2	CT	CT_adult
LIW1	LIW1-2	LIW1	CT	CT_adult
LIW1	LIW1-10	LIW1	CT	CT_adult
LIW1	LIW1-18	LIW1	CT	CT_adult
LIW1	LIW1-26	LIW1	CT	CT_adult
LIW2	LIW2-2	LIW2	CT	CT_adult
LIW2	LIW2-10	LIW2	CT	CT_adult
LIW2	LIW2-18	LIW2	CT	CT_adult
LIW2	LIW2-26	LIW2	CT	CT_adult
LIW1	LIW1-3	LIW1	CT	CT_adult
LIW1	LIW1-11	LIW1	CT	CT_adult
LIW1	LIW1-19	LIW1	CT	CT_adult
LIW1	LIW1-27	LIW1	CT	CT_adult
LIW2	LIW2-3	LIW2	CT	CT_adult
LIW2	LIW2-11	LIW2	CT	CT_adult
LIW2	LIW2-19	LIW2	CT	CT_adult
LIW2	LIW2-27	LIW2	CT	CT_adult
LIW1	LIW1-4	LIW1	CT	CT_adult
LIW1	LIW1-12	LIW1	CT	CT_adult
LIW1	LIW1-20	LIW1	CT	CT_adult
LIW1	LIW1-28	LIW1	CT	CT_adult
ASC0423	ASC0423_001s	ASC	CT	CT_spat
ASC0423	ASC0423_002s	ASC	CT	CT_spat
ASC0423	ASC0423_003s	ASC	CT	CT_spat
ASC0423	ASC0423_004s	ASC	CT	CT_spat
ASC0423	ASC0423_005s	ASC	CT	CT_spat
ASC0423	ASC0423_006s	ASC	CT	CT_spat
ASC0423	ASC0423_007s	ASC	CT	CT_spat
ASC0423	ASC0423_008s	ASC	CT	CT_spat
ASC0423	ASC0423_009s	ASC	CT	CT_spat
ASC0423	ASC0423_010s	ASC	CT	CT_spat
ASC0423	ASC0423_011s	ASC	CT	CT_spat
ASC0423	ASC0423_012s	ASC	CT	CT_spat
ASC0423	ASC0423_013s	ASC	CT	CT_spat
ASC0423	ASC0423_014s	ASC	CT	CT_spat
ASC0423	ASC0423_015s	ASC	CT	CT_spat
ASC0423	ASC0423_016s	ASC	CT	CT_spat
ASC0423	ASC0423_017s	ASC	CT	CT_spat
ASC0423	ASC0423_018s	ASC	CT	CT_spat
ASC0423	ASC0423_019s	ASC	CT	CT_spat
ASC0423	ASC0423_020s	ASC	CT	CT_spat
ASC0423	ASC0423_021s	ASC	CT	CT_spat
ASC0423	ASC0423_022s	ASC	CT	CT_spat
ASC0423	ASC0423_023s	ASC	CT	CT_spat
ASC0423	ASC0423_024s	ASC	CT	CT_spat
ASC0423	ASC0423_025s	ASC	CT	CT_spat
ASC0423	ASC0423_026s	ASC	CT	CT_spat
ASC0423	ASC0423_027s	ASC	CT	CT_spat
ASC0423	ASC0423_028s	ASC	CT	CT_spat
ASC0423	ASC0423_029s	ASC	CT	CT_spat
ASC0423	ASC0423_030s	ASC	CT	CT_spat
ASC0423	ASC0423_031s	ASC	CT	CT_spat
ASC0423	ASC0423_032s	ASC	CT	CT_spat
ASC0423	ASC0423_033s	ASC	CT	CT_spat
ASC0423	ASC0423_034s	ASC	CT	CT_spat
ASC0423	ASC0423_035s	ASC	CT	CT_spat
ASC0423	ASC0423_036s	ASC	CT	CT_spat
ASC0423	ASC0423_037s	ASC	CT	CT_spat
ASC0423	ASC0423_038s	ASC	CT	CT_spat
ASC0423	ASC0423_039s	ASC	CT	CT_spat
ASC0423	ASC0423_040s	ASC	CT	CT_spat
ASC0423	ASC0423_041s	ASC	CT	CT_spat
ASC0423	ASC0423_042s	ASC	CT	CT_spat
ASC0423	ASC0423_043s	ASC	CT	CT_spat
ASC0423	ASC0423_044s	ASC	CT	CT_spat
ASC0423	ASC0423_045s	ASC	CT	CT_spat
ASC0423	ASC0423_046s	ASC	CT	CT_spat
ASC0423	ASC0423_047s	ASC	CT	CT_spat
ASC0423	ASC0423_048s	ASC	CT	CT_spat
ASC0423	ASC0423_049s	ASC	CT	CT_spat
ASC0423	ASC0423_050s	ASC	CT	CT_spat
EHF0523	EHF0523_001s	EHF	CT	CT_spat
EHF0523	EHF0523_002s	EHF	CT	CT_spat
EHF0523	EHF0523_003s	EHF	CT	CT_spat
EHF0523	EHF0523_004s	EHF	CT	CT_spat
EHF0523	EHF0523_005s	EHF	CT	CT_spat
EHF0523	EHF0523_006s	EHF	CT	CT_spat
EHF0523	EHF0523_007s	EHF	CT	CT_spat
EHF0523	EHF0523_008s	EHF	CT	CT_spat
EHF0523	EHF0523_009s	EHF	CT	CT_spat
EHF0523	EHF0523_010s	EHF	CT	CT_spat
EHF0523	EHF0523_011s	EHF	CT	CT_spat
EHF0523	EHF0523_012s	EHF	CT	CT_spat
EHF0523	EHF0523_013s	EHF	CT	CT_spat
EHF0523	EHF0523_014s	EHF	CT	CT_spat
EHF0523	EHF0523_015s	EHF	CT	CT_spat
EHF0523	EHF0523_016s	EHF	CT	CT_spat
EHF0523	EHF0523_017s	EHF	CT	CT_spat
EHF0523	EHF0523_018s	EHF	CT	CT_spat
EHF0523	EHF0523_019s	EHF	CT	CT_spat
EHF0523	EHF0523_020s	EHF	CT	CT_spat
EHF0523	EHF0523_021s	EHF	CT	CT_spat
EHF0523	EHF0523_022s	EHF	CT	CT_spat
EHF0523	EHF0523_023s	EHF	CT	CT_spat
EHF0523	EHF0523_024s	EHF	CT	CT_spat
EHF0523	EHF0523_025s	EHF	CT	CT_spat
EHF0523	EHF0523_026s	EHF	CT	CT_spat
EHF0523	EHF0523_027s	EHF	CT	CT_spat
EHF0523	EHF0523_028s	EHF	CT	CT_spat
EHF0523	EHF0523_029s	EHF	CT	CT_spat
EHF0523	EHF0523_030s	EHF	CT	CT_spat
EHF0523	EHF0523_031s	EHF	CT	CT_spat
EHF0523	EHF0523_032s	EHF	CT	CT_spat
EHF0523	EHF0523_033s	EHF	CT	CT_spat
EHF0523	EHF0523_034s	EHF	CT	CT_spat
EHF0523	EHF0523_035s	EHF	CT	CT_spat
EHF0523	EHF0523_036s	EHF	CT	CT_spat
EHF0523	EHF0523_037s	EHF	CT	CT_spat
EHF0523	EHF0523_038s	EHF	CT	CT_spat
EHF0523	EHF0523_039s	EHF	CT	CT_spat
EHF0523	EHF0523_040s	EHF	CT	CT_spat
EHF0523	EHF0523_041s	EHF	CT	CT_spat
EHF0523	EHF0523_042s	EHF	CT	CT_spat
EHF0523	EHF0523_043s	EHF	CT	CT_spat
EHF0523	EHF0523_044s	EHF	CT	CT_spat
EHF0523	EHF0523_045s	EHF	CT	CT_spat
EHF0523	EHF0523_046s	EHF	CT	CT_spat
EHF0523	EHF0523_047s	EHF	CT	CT_spat
EHF0523	EHF0523_048s	EHF	CT	CT_spat
EHF0523	EHF0523_050s	EHF	CT	CT_spat
FEC0423	FEC0423_001s	FEC	CT	CT_spat
FEC0423	FEC0423_002s	FEC	CT	CT_spat
FEC0423	FEC0423_003s	FEC	CT	CT_spat
FEC0423	FEC0423_004s	FEC	CT	CT_spat
FEC0423	FEC0423_005s	FEC	CT	CT_spat
FEC0423	FEC0423_006s	FEC	CT	CT_spat
FEC0423	FEC0423_007s	FEC	CT	CT_spat
FEC0423	FEC0423_008s	FEC	CT	CT_spat
FEC0423	FEC0423_009s	FEC	CT	CT_spat
FEC0423	FEC0423_010s	FEC	CT	CT_spat
FEC0423	FEC0423_011s	FEC	CT	CT_spat
FEC0423	FEC0423_012s	FEC	CT	CT_spat
FEC0423	FEC0423_013s	FEC	CT	CT_spat
FEC0423	FEC0423_014s	FEC	CT	CT_spat
FEC0423	FEC0423_015s	FEC	CT	CT_spat
FEC0423	FEC0423_016s	FEC	CT	CT_spat
FEC0423	FEC0423_017s	FEC	CT	CT_spat
FEC0423	FEC0423_018s	FEC	CT	CT_spat
FEC0423	FEC0423_019s	FEC	CT	CT_spat
FEC0423	FEC0423_020s	FEC	CT	CT_spat
FEC0423	FEC0423_021s	FEC	CT	CT_spat
FEC0423	FEC0423_022s	FEC	CT	CT_spat
FEC0423	FEC0423_023s	FEC	CT	CT_spat
FEC0423	FEC0423_024s	FEC	CT	CT_spat
FEC0423	FEC0423_025s	FEC	CT	CT_spat
FEC0423	FEC0423_026s	FEC	CT	CT_spat
FEC0423	FEC0423_027s	FEC	CT	CT_spat
FEC0423	FEC0423_028s	FEC	CT	CT_spat
FEC0423	FEC0423_029s	FEC	CT	CT_spat
FEC0423	FEC0423_030s	FEC	CT	CT_spat
FEC0423	FEC0423_031s	FEC	CT	CT_spat
FEC0423	FEC0423_032s	FEC	CT	CT_spat
FEC0423	FEC0423_033s	FEC	CT	CT_spat
FEC0423	FEC0423_034s	FEC	CT	CT_spat
FEC0423	FEC0423_035s	FEC	CT	CT_spat
FEC0423	FEC0423_036s	FEC	CT	CT_spat
FEC0423	FEC0423_037s	FEC	CT	CT_spat
FEC0423	FEC0423_038s	FEC	CT	CT_spat
FEC0423	FEC0423_039s	FEC	CT	CT_spat
FEC0423	FEC0423_040s	FEC	CT	CT_spat
FEC0423	FEC0423_041s	FEC	CT	CT_spat
FEC0423	FEC0423_042s	FEC	CT	CT_spat
FEC0423	FEC0423_043s	FEC	CT	CT_spat
FEC0423	FEC0423_044s	FEC	CT	CT_spat
FEC0423	FEC0423_045s	FEC	CT	CT_spat
FEC0423	FEC0423_046s	FEC	CT	CT_spat
FEC0423	FEC0423_047s	FEC	CT	CT_spat
FEC0423	FEC0423_048s	FEC	CT	CT_spat
FEC0423	FEC0423_049s	FEC	CT	CT_spat
FEC0423	FEC0423_050s	FEC	CT	CT_spat
HDC0523	HDC0523_001s	HDC	CT	CT_spat
HDC0523	HDC0523_002s	HDC	CT	CT_spat
HDC0523	HDC0523_003s	HDC	CT	CT_spat
HDC0523	HDC0523_004s	HDC	CT	CT_spat
HDC0523	HDC0523_005s	HDC	CT	CT_spat
HDC0523	HDC0523_006s	HDC	CT	CT_spat
HDC0523	HDC0523_007s	HDC	CT	CT_spat
HDC0523	HDC0523_008s	HDC	CT	CT_spat
HDC0523	HDC0523_009s	HDC	CT	CT_spat
HDC0523	HDC0523_010s	HDC	CT	CT_spat
HDC0523	HDC0523_011s	HDC	CT	CT_spat
HDC0523	HDC0523_012s	HDC	CT	CT_spat
HDC0523	HDC0523_013s	HDC	CT	CT_spat
HDC0523	HDC0523_014s	HDC	CT	CT_spat
HDC0523	HDC0523_015s	HDC	CT	CT_spat
HDC0523	HDC0523_016s	HDC	CT	CT_spat
HDC0523	HDC0523_017s	HDC	CT	CT_spat
HDC0523	HDC0523_018s	HDC	CT	CT_spat
HDC0523	HDC0523_019s	HDC	CT	CT_spat
HDC0523	HDC0523_020s	HDC	CT	CT_spat
HDC0523	HDC0523_021s	HDC	CT	CT_spat
HDC0523	HDC0523_022s	HDC	CT	CT_spat
HDC0523	HDC0523_023s	HDC	CT	CT_spat
HDC0523	HDC0523_024s	HDC	CT	CT_spat
HDC0523	HDC0523_025s	HDC	CT	CT_spat
HDC0523	HDC0523_026s	HDC	CT	CT_spat
HDC0523	HDC0523_027s	HDC	CT	CT_spat
HDC0523	HDC0523_028s	HDC	CT	CT_spat
HDC0523	HDC0523_029s	HDC	CT	CT_spat
HDC0523	HDC0523_030s	HDC	CT	CT_spat
HDC0523	HDC0523_031s	HDC	CT	CT_spat
HDC0523	HDC0523_032s	HDC	CT	CT_spat
HDC0523	HDC0523_033s	HDC	CT	CT_spat
HDC0523	HDC0523_034s	HDC	CT	CT_spat
HDC0523	HDC0523_035s	HDC	CT	CT_spat
HDC0523	HDC0523_036s	HDC	CT	CT_spat
HDC0523	HDC0523_037s	HDC	CT	CT_spat
HDC0523	HDC0523_039s	HDC	CT	CT_spat
HDC0523	HDC0523_040s	HDC	CT	CT_spat
HDC0523	HDC0523_041s	HDC	CT	CT_spat
HDC0523	HDC0523_042s	HDC	CT	CT_spat
HDC0523	HDC0523_043s	HDC	CT	CT_spat
HDC0523	HDC0523_044s	HDC	CT	CT_spat
HDC0523	HDC0523_045s	HDC	CT	CT_spat
HDC0523	HDC0523_046s	HDC	CT	CT_spat
HDC0523	HDC0523_047s	HDC	CT	CT_spat
HDC0523	HDC0523_048s	HDC	CT	CT_spat
HDC0523	HDC0523_049s	HDC	CT	CT_spat
HDC0523	HDC0523_050s	HDC	CT	CT_spat
HOR	HOR_01	HOR	CT	CT_spat
HOR	HOR_02	HOR	CT	CT_spat
HOR	HOR_03	HOR	CT	CT_spat
HOR	HOR_04	HOR	CT	CT_spat
HOR	HOR_05	HOR	CT	CT_spat
HOR	HOR_06	HOR	CT	CT_spat
HOR	HOR_07	HOR	CT	CT_spat
HOR	HOR_08	HOR	CT	CT_spat
HOR	HOR_09	HOR	CT	CT_spat
HOR	HOR_10	HOR	CT	CT_spat
HOR	HOR_11	HOR	CT	CT_spat
HOR	HOR_12	HOR	CT	CT_spat
HOR	HOR_13	HOR	CT	CT_spat
HOR	HOR_14	HOR	CT	CT_spat
HOR	HOR_15	HOR	CT	CT_spat
HOR	HOR_16	HOR	CT	CT_spat
HOR	HOR_17	HOR	CT	CT_spat
HOR	HOR_18	HOR	CT	CT_spat
HOR	HOR_19	HOR	CT	CT_spat
HOR	HOR_20	HOR	CT	CT_spat
HOR	HOR_21	HOR	CT	CT_spat
HOR	HOR_22	HOR	CT	CT_spat
HOR	HOR_23	HOR	CT	CT_spat
JAC0523	JAC0523_001s	JAC	CT	CT_spat
JAC0523	JAC0523_002s	JAC	CT	CT_spat
JAC0523	JAC0523_003s	JAC	CT	CT_spat
JAC0523	JAC0523_004s	JAC	CT	CT_spat
JAC0523	JAC0523_005s	JAC	CT	CT_spat
JAC0523	JAC0523_006s	JAC	CT	CT_spat
JAC0523	JAC0523_007s	JAC	CT	CT_spat
JAC0523	JAC0523_008s	JAC	CT	CT_spat
JAC0523	JAC0523_009s	JAC	CT	CT_spat
JAC0523	JAC0523_010s	JAC	CT	CT_spat
JAC0523	JAC0523_011s	JAC	CT	CT_spat
JAC0523	JAC0523_012s	JAC	CT	CT_spat
JAC0523	JAC0523_013s	JAC	CT	CT_spat
JAC0523	JAC0523_014s	JAC	CT	CT_spat
JAC0523	JAC0523_015s	JAC	CT	CT_spat
JAC0523	JAC0523_016s	JAC	CT	CT_spat
JAC0523	JAC0523_017s	JAC	CT	CT_spat
JAC0523	JAC0523_018s	JAC	CT	CT_spat
JAC0523	JAC0523_019s	JAC	CT	CT_spat
JAC0523	JAC0523_020s	JAC	CT	CT_spat
JAC0523	JAC0523_021s	JAC	CT	CT_spat
JAC0523	JAC0523_022s	JAC	CT	CT_spat
JAC0523	JAC0523_023s	JAC	CT	CT_spat
JAC0523	JAC0523_024s	JAC	CT	CT_spat
JAC0523	JAC0523_025s	JAC	CT	CT_spat
JAC0523	JAC0523_026s	JAC	CT	CT_spat
JAC0523	JAC0523_027s	JAC	CT	CT_spat
JAC0523	JAC0523_028s	JAC	CT	CT_spat
JAC0523	JAC0523_029s	JAC	CT	CT_spat
JAC0523	JAC0523_030s	JAC	CT	CT_spat
JAC0523	JAC0523_031s	JAC	CT	CT_spat
JAC0523	JAC0523_032s	JAC	CT	CT_spat
JAC0523	JAC0523_033s	JAC	CT	CT_spat
JAC0523	JAC0523_034s	JAC	CT	CT_spat
JAC0523	JAC0523_035s	JAC	CT	CT_spat
JAC0523	JAC0523_036s	JAC	CT	CT_spat
JAC0523	JAC0523_037s	JAC	CT	CT_spat
JAC0523	JAC0523_038s	JAC	CT	CT_spat
JAC0523	JAC0523_039s	JAC	CT	CT_spat
JAC0523	JAC0523_041s	JAC	CT	CT_spat
JAC0523	JAC0523_042s	JAC	CT	CT_spat
JAC0523	JAC0523_043s	JAC	CT	CT_spat
JAC0523	JAC0523_044s	JAC	CT	CT_spat
JAC0523	JAC0523_045s	JAC	CT	CT_spat
JAC0523	JAC0523_046s	JAC	CT	CT_spat
JAC0523	JAC0523_047s	JAC	CT	CT_spat
JAC0523	JAC0523_048s	JAC	CT	CT_spat
JAC0523	JAC0523_049s	JAC	CT	CT_spat
JAC0523	JAC0523_050s	JAC	CT	CT_spat
KRB16	KRB16_001	AQ_5	AQ_5	AQ_5
KRB16	KRB16_002	AQ_5	AQ_5	AQ_5
KRB16	KRB16_003	AQ_5	AQ_5	AQ_5
KRB16	KRB16_004	AQ_5	AQ_5	AQ_5
KRB16	KRB16_005	AQ_5	AQ_5	AQ_5
KRB16	KRB16_006	AQ_5	AQ_5	AQ_5
KRB16	KRB16_007	AQ_5	AQ_5	AQ_5
KRB16	KRB16_008	AQ_5	AQ_5	AQ_5
KRB16	KRB16_009	AQ_5	AQ_5	AQ_5
KRB16	KRB16_010	AQ_5	AQ_5	AQ_5
KRB16	KRB16_011	AQ_5	AQ_5	AQ_5
KRB16	KRB16_012	AQ_5	AQ_5	AQ_5
KRB16	KRB16_013	AQ_5	AQ_5	AQ_5
KRB16	KRB16_014	AQ_5	AQ_5	AQ_5
KRB16	KRB16_015	AQ_5	AQ_5	AQ_5
KRB16	KRB16_016	AQ_5	AQ_5	AQ_5
KRB16	KRB16_017	AQ_5	AQ_5	AQ_5
KRB16	KRB16_018	AQ_5	AQ_5	AQ_5
KRB16	KRB16_019	AQ_5	AQ_5	AQ_5
KRB16	KRB16_020	AQ_5	AQ_5	AQ_5
KRB16	KRB16_021	AQ_5	AQ_5	AQ_5
KRB16	KRB16_022	AQ_5	AQ_5	AQ_5
KRB16	KRB16_023	AQ_5	AQ_5	AQ_5
KRB16	KRB16_024	AQ_5	AQ_5	AQ_5
KRB16	KRB16_025	AQ_5	AQ_5	AQ_5
KRB16	KRB16_026	AQ_5	AQ_5	AQ_5
KRB16	KRB16_027	AQ_5	AQ_5	AQ_5
KRB16	KRB16_028	AQ_5	AQ_5	AQ_5
KRB16	KRB16_029	AQ_5	AQ_5	AQ_5
KRB16	KRB16_030	AQ_5	AQ_5	AQ_5
KRP13	KRP13_001	AQ_6	AQ_6	AQ_6
KRP13	KRP13_002	AQ_6	AQ_6	AQ_6
KRP13	KRP13_003	AQ_6	AQ_6	AQ_6
KRP13	KRP13_004	AQ_6	AQ_6	AQ_6
KRP13	KRP13_005	AQ_6	AQ_6	AQ_6
KRP13	KRP13_006	AQ_6	AQ_6	AQ_6
KRP13	KRP13_007	AQ_6	AQ_6	AQ_6
KRP13	KRP13_008	AQ_6	AQ_6	AQ_6
KRP13	KRP13_009	AQ_6	AQ_6	AQ_6
KRP13	KRP13_010	AQ_6	AQ_6	AQ_6
KRP13	KRP13_011	AQ_6	AQ_6	AQ_6
KRP13	KRP13_012	AQ_6	AQ_6	AQ_6
KRP13	KRP13_013	AQ_6	AQ_6	AQ_6
KRP13	KRP13_014	AQ_6	AQ_6	AQ_6
KRP13	KRP13_015	AQ_6	AQ_6	AQ_6
KRP13	KRP13_016	AQ_6	AQ_6	AQ_6
KRP13	KRP13_017	AQ_6	AQ_6	AQ_6
KRP13	KRP13_018	AQ_6	AQ_6	AQ_6
KRP13	KRP13_019	AQ_6	AQ_6	AQ_6
KRP13	KRP13_020	AQ_6	AQ_6	AQ_6
KRP13	KRP13_021	AQ_6	AQ_6	AQ_6
KRP13	KRP13_022	AQ_6	AQ_6	AQ_6
KRP13	KRP13_023	AQ_6	AQ_6	AQ_6
KRP13	KRP13_024	AQ_6	AQ_6	AQ_6
KRP13	KRP13_025	AQ_6	AQ_6	AQ_6
KRP13	KRP13_026	AQ_6	AQ_6	AQ_6
KRP13	KRP13_027	AQ_6	AQ_6	AQ_6
KRP13	KRP13_028	AQ_6	AQ_6	AQ_6
KRP13	KRP13_029	AQ_6	AQ_6	AQ_6
KRP13	KRP13_030	AQ_6	AQ_6	AQ_6
YBD	YBD_10	YBD	CT	CT_spat
YBD	YBD_11	YBD	CT	CT_spat
YBD	YBD_12	YBD	CT	CT_spat
YBD	YBD_13	YBD	CT	CT_spat
YBD	YBD_14	YBD	CT	CT_spat
YBD	YBD_15	YBD	CT	CT_spat
YBD	YBD_16	YBD	CT	CT_spat
YBD	YBD_17	YBD	CT	CT_spat
YBD	YBD_18	YBD	CT	CT_spat
YBD	YBD_19	YBD	CT	CT_spat
YBD	YBD_20	YBD	CT	CT_spat
YBD	YBD_21	YBD	CT	CT_spat
YBD	YBD_22	YBD	CT	CT_spat
YBD	YBD_23	YBD	CT	CT_spat
YBD	YBD_24	YBD	CT	CT_spat
YBD	YBD_25	YBD	CT	CT_spat
YBD	YBD_26	YBD	CT	CT_spat
YBD	YBD_27	YBD	CT	CT_spat
YBD	YBD_28	YBD	CT	CT_spat
YBD	YBD_29	YBD	CT	CT_spat
YBD	YBD_30	YBD	CT	CT_spat
YBD	YBD_31	YBD	CT	CT_spat
YBD	YBD_32	YBD	CT	CT_spat
YBD	YBD_33	YBD	CT	CT_spat
YBD	YBD_34	YBD	CT	CT_spat
YBD	YBD_35	YBD	CT	CT_spat
YBD	YBD_36	YBD	CT	CT_spat
YBD	YBD_37	YBD	CT	CT_spat
YBD	YBD_54	YBD	CT	CT_spat
YBD	YBD_55	YBD	CT	CT_spat
YBD	YBD_6	YBD	CT	CT_spat
YBD	YBD_7	YBD	CT	CT_spat
YBD	YBD_8	YBD	CT	CT_spat
YBD	YBD_9	YBD	CT	CT_spat
ASC23a	ASC23a_4	ASC	CT	CT_adult
ASC23a	ASC23a_9	ASC	CT	CT_adult
ASC23a	ASC23a_12	ASC	CT	CT_adult
ASC23a	ASC23a_14	ASC	CT	CT_adult
ASC23a	ASC23a_15	ASC	CT	CT_adult
ASC23a	ASC23a_16	ASC	CT	CT_adult
ASC23a	ASC23a_17	ASC	CT	CT_adult
ASC23a	ASC23a_18	ASC	CT	CT_adult
ASC23a	ASC23a_22	ASC	CT	CT_adult
ASC23a	ASC23a_25	ASC	CT	CT_adult
ASC23a	ASC23a_26	ASC	CT	CT_adult
ASC23a	ASC23a_27	ASC	CT	CT_adult
ASC23a	ASC23a_28	ASC	CT	CT_adult
ASC23a	ASC23a_29	ASC	CT	CT_adult
ASC23a	ASC23a_31	ASC	CT	CT_adult
ASC23a	ASC23a_32	ASC	CT	CT_adult
ASC23a	ASC23a_33	ASC	CT	CT_adult
ASC23a	ASC23a_34	ASC	CT	CT_adult
ASC23a	ASC23a_36	ASC	CT	CT_adult
ASC23a	ASC23a_37	ASC	CT	CT_adult
ASC23a	ASC23a_39	ASC	CT	CT_adult
ASC23a	ASC23a_40	ASC	CT	CT_adult
ASC23a	ASC23a_41	ASC	CT	CT_adult
ASC23a	ASC23a_42	ASC	CT	CT_adult
ASC23a	ASC23a_43	ASC	CT	CT_adult
ASC23a	ASC23a_44	ASC	CT	CT_adult
ASC23a	ASC23a_45	ASC	CT	CT_adult
ASC23a	ASC23a_46	ASC	CT	CT_adult
ASC23a	ASC23a_47	ASC	CT	CT_adult
ASC23a	ASC23a_48	ASC	CT	CT_adult
ASC23a	ASC23a_52	ASC	CT	CT_adult
ASC23a	ASC23a_54	ASC	CT	CT_adult
ASC23a	ASC23a_57	ASC	CT	CT_adult
ASC23a	ASC23a_58	ASC	CT	CT_adult
ASC23a	ASC23a_59	ASC	CT	CT_adult
ASC23a	ASC23a_60	ASC	CT	CT_adult
EHF23a	EHF23a_3	EHF	CT	CT_adult
EHF23a	EHF23a_4	EHF	CT	CT_adult
EHF23a	EHF23a_5	EHF	CT	CT_adult
EHF23a	EHF23a_6	EHF	CT	CT_adult
EHF23a	EHF23a_7	EHF	CT	CT_adult
EHF23a	EHF23a_8	EHF	CT	CT_adult
EHF23a	EHF23a_9	EHF	CT	CT_adult
EHF23a	EHF23a_10	EHF	CT	CT_adult
EHF23a	EHF23a_11	EHF	CT	CT_adult
EHF23a	EHF23a_12	EHF	CT	CT_adult
EHF23a	EHF23a_13	EHF	CT	CT_adult
EHF23a	EHF23a_14	EHF	CT	CT_adult
EHF23a	EHF23a_15	EHF	CT	CT_adult
EHF23a	EHF23a_16	EHF	CT	CT_adult
EHF23a	EHF23a_17	EHF	CT	CT_adult
EHF23a	EHF23a_18	EHF	CT	CT_adult
EHF23a	EHF23a_19	EHF	CT	CT_adult
EHF23a	EHF23a_20	EHF	CT	CT_adult
EHF23a	EHF23a_21	EHF	CT	CT_adult
EHF23a	EHF23a_22	EHF	CT	CT_adult
EHF23a	EHF23a_23	EHF	CT	CT_adult
EHF23a	EHF23a_24	EHF	CT	CT_adult
EHF23a	EHF23a_25	EHF	CT	CT_adult
EHF23a	EHF23a_26	EHF	CT	CT_adult
EHF23a	EHF23a_27	EHF	CT	CT_adult
EHF23a	EHF23a_28	EHF	CT	CT_adult
EHF23a	EHF23a_29	EHF	CT	CT_adult
EHF23a	EHF23a_30	EHF	CT	CT_adult
EHF23a	EHF23a_31	EHF	CT	CT_adult
EHF23a	EHF23a_32	EHF	CT	CT_adult
EHF23a	EHF23a_33	EHF	CT	CT_adult
EHF23a	EHF23a_34	EHF	CT	CT_adult
EHF23a	EHF23a_35	EHF	CT	CT_adult
EHF23a	EHF23a_36	EHF	CT	CT_adult
EHF23a	EHF23a_37	EHF	CT	CT_adult
EHF23a	EHF23a_38	EHF	CT	CT_adult
EHF23a	EHF23a_39	EHF	CT	CT_adult
EHF23a	EHF23a_40	EHF	CT	CT_adult
EHF23a	EHF23a_41	EHF	CT	CT_adult
EHF23a	EHF23a_42	EHF	CT	CT_adult
FEC23a	FEC23a_5	FEC	CT	CT_adult
FEC23a	FEC23a_6	FEC	CT	CT_adult
FEC23a	FEC23a_7	FEC	CT	CT_adult
FEC23a	FEC23a_9	FEC	CT	CT_adult
FEC23a	FEC23a_10	FEC	CT	CT_adult
FEC23a	FEC23a_11	FEC	CT	CT_adult
FEC23a	FEC23a_12	FEC	CT	CT_adult
FEC23a	FEC23a_29	FEC	CT	CT_adult
FEC23a	FEC23a_30	FEC	CT	CT_adult
FEC23a	FEC23a_31	FEC	CT	CT_adult
FEC23a	FEC23a_32	FEC	CT	CT_adult
FEC23a	FEC23a_33	FEC	CT	CT_adult
FEC23a	FEC23a_34	FEC	CT	CT_adult
FEC23a	FEC23a_35	FEC	CT	CT_adult
FEC23a	FEC23a_36	FEC	CT	CT_adult
FEC23a	FEC23a_37	FEC	CT	CT_adult
FEC23a	FEC23a_38	FEC	CT	CT_adult
FEC23a	FEC23a_39	FEC	CT	CT_adult
FEC23a	FEC23a_40	FEC	CT	CT_adult
FEC23a	FEC23a_41	FEC	CT	CT_adult
FEC23a	FEC23a_42	FEC	CT	CT_adult
FEC23a	FEC23a_43	FEC	CT	CT_adult
FEC23a	FEC23a_44	FEC	CT	CT_adult
FEC23a	FEC23a_45	FEC	CT	CT_adult
FEC23a	FEC23a_46	FEC	CT	CT_adult
FEC23a	FEC23a_47	FEC	CT	CT_adult
FEC23a	FEC23a_48	FEC	CT	CT_adult
FEC23a	FEC23a_49	FEC	CT	CT_adult
FEC23a	FEC23a_50	FEC	CT	CT_adult
FEC23a	FEC23a_51	FEC	CT	CT_adult
FEC23a	FEC23a_52	FEC	CT	CT_adult
FEC23a	FEC23a_53	FEC	CT	CT_adult
FEC23a	FEC23a_54	FEC	CT	CT_adult
FEC23a	FEC23a_55	FEC	CT	CT_adult
FEC23a	FEC23a_56	FEC	CT	CT_adult
FEC23a	FEC23a_57	FEC	CT	CT_adult
FEC23a	FEC23a_58	FEC	CT	CT_adult
FEC23a	FEC23a_59	FEC	CT	CT_adult
FEC23a	FEC23a_60	FEC	CT	CT_adult
GOO23a	GOO23a_1	GOO	CT	CT_adult
GOO23a	GOO23a_2	GOO	CT	CT_adult
GOO23a	GOO23a_3	GOO	CT	CT_adult
GOO23a	GOO23a_4	GOO	CT	CT_adult
GOO23a	GOO23a_5	GOO	CT	CT_adult
GOO23a	GOO23a_6	GOO	CT	CT_adult
GOO23a	GOO23a_7	GOO	CT	CT_adult
GOO23a	GOO23a_8	GOO	CT	CT_adult
GOO23a	GOO23a_9	GOO	CT	CT_adult
GOO23a	GOO23a_10	GOO	CT	CT_adult
GOO23a	GOO23a_11	GOO	CT	CT_adult
GOO23a	GOO23a_12	GOO	CT	CT_adult
GOO23a	GOO23a_13	GOO	CT	CT_adult
GOO23a	GOO23a_14	GOO	CT	CT_adult
GOO23a	GOO23a_15	GOO	CT	CT_adult
GOO23a	GOO23a_16	GOO	CT	CT_adult
GOO23a	GOO23a_17	GOO	CT	CT_adult
GOO23a	GOO23a_18	GOO	CT	CT_adult
GOO23a	GOO23a_19	GOO	CT	CT_adult
GOO23a	GOO23a_20	GOO	CT	CT_adult
GOO23a	GOO23a_21	GOO	CT	CT_adult
GOO23a	GOO23a_22	GOO	CT	CT_adult
GOO23a	GOO23a_23	GOO	CT	CT_adult
GOO23a	GOO23a_24	GOO	CT	CT_adult
GOO23a	GOO23a_25	GOO	CT	CT_adult
GOO23a	GOO23a_26	GOO	CT	CT_adult
GOO23a	GOO23a_27	GOO	CT	CT_adult
GOO23a	GOO23a_28	GOO	CT	CT_adult
GOO23a	GOO23a_29	GOO	CT	CT_adult
GOO23a	GOO23a_30	GOO	CT	CT_adult
GOO23a	GOO23a_32	GOO	CT	CT_adult
GOO23a	GOO23a_33	GOO	CT	CT_adult
GOO23a	GOO23a_34	GOO	CT	CT_adult
GOO23a	GOO23a_35	GOO	CT	CT_adult
GOO23a	GOO23a_36	GOO	CT	CT_adult
GOO23a	GOO23a_37	GOO	CT	CT_adult
GOO23a	GOO23a_38	GOO	CT	CT_adult
HDC23a	HDC23a_1	HDC	CT	CT_adult
HDC23a	HDC23a_2	HDC	CT	CT_adult
HDC23a	HDC23a_3	HDC	CT	CT_adult
HDC23a	HDC23a_4	HDC	CT	CT_adult
HDC23a	HDC23a_5	HDC	CT	CT_adult
HDC23a	HDC23a_6	HDC	CT	CT_adult
HDC23a	HDC23a_7	HDC	CT	CT_adult
HDC23a	HDC23a_8	HDC	CT	CT_adult
HDC23a	HDC23a_9	HDC	CT	CT_adult
HDC23a	HDC23a_10	HDC	CT	CT_adult
HDC23a	HDC23a_11	HDC	CT	CT_adult
HDC23a	HDC23a_12	HDC	CT	CT_adult
HDC23a	HDC23a_13	HDC	CT	CT_adult
HDC23a	HDC23a_14	HDC	CT	CT_adult
HDC23a	HDC23a_15	HDC	CT	CT_adult
HDC23a	HDC23a_16	HDC	CT	CT_adult
HDC23a	HDC23a_17	HDC	CT	CT_adult
HDC23a	HDC23a_18	HDC	CT	CT_adult
HDC23a	HDC23a_19	HDC	CT	CT_adult
HDC23a	HDC23a_20	HDC	CT	CT_adult
HDC23a	HDC23a_21	HDC	CT	CT_adult
HDC23a	HDC23a_22	HDC	CT	CT_adult
HDC23a	HDC23a_23	HDC	CT	CT_adult
HDC23a	HDC23a_24	HDC	CT	CT_adult
HDC23a	HDC23a_25	HDC	CT	CT_adult
HDC23a	HDC23a_26	HDC	CT	CT_adult
HDC23a	HDC23a_27	HDC	CT	CT_adult
HDC23a	HDC23a_28	HDC	CT	CT_adult
HDC23a	HDC23a_29	HDC	CT	CT_adult
HDC23a	HDC23a_30	HDC	CT	CT_adult
HDC23a	HDC23a_31	HDC	CT	CT_adult
HDC23a	HDC23a_32	HDC	CT	CT_adult
HDC23a	HDC23a_33	HDC	CT	CT_adult
HDC23a	HDC23a_34	HDC	CT	CT_adult
HDC23a	HDC23a_35	HDC	CT	CT_adult
HDC23a	HDC23a_36	HDC	CT	CT_adult
HDC23a	HDC23a_37	HDC	CT	CT_adult
HDC23a	HDC23a_38	HDC	CT	CT_adult
HDC23a	HDC23a_39	HDC	CT	CT_adult
HDC23a	HDC23a_40	HDC	CT	CT_adult
JAC23a	JAC23a_7	JAC	CT	CT_adult
JAC23a	JAC23a_8	JAC	CT	CT_adult
JAC23a	JAC23a_9	JAC	CT	CT_adult
JAC23a	JAC23a_10	JAC	CT	CT_adult
JAC23a	JAC23a_11	JAC	CT	CT_adult
JAC23a	JAC23a_12	JAC	CT	CT_adult
JAC23a	JAC23a_13	JAC	CT	CT_adult
JAC23a	JAC23a_14	JAC	CT	CT_adult
JAC23a	JAC23a_16	JAC	CT	CT_adult
JAC23a	JAC23a_17	JAC	CT	CT_adult
JAC23a	JAC23a_18	JAC	CT	CT_adult
JAC23a	JAC23a_19	JAC	CT	CT_adult
JAC23a	JAC23a_20	JAC	CT	CT_adult
JAC23a	JAC23a_21	JAC	CT	CT_adult
JAC23a	JAC23a_23	JAC	CT	CT_adult
JAC23a	JAC23a_24	JAC	CT	CT_adult
JAC23a	JAC23a_25	JAC	CT	CT_adult
JAC23a	JAC23a_26	JAC	CT	CT_adult
JAC23a	JAC23a_27	JAC	CT	CT_adult
JAC23a	JAC23a_28	JAC	CT	CT_adult
JAC23a	JAC23a_29	JAC	CT	CT_adult
JAC23a	JAC23a_30	JAC	CT	CT_adult
JAC23a	JAC23a_31	JAC	CT	CT_adult
JAC23a	JAC23a_32	JAC	CT	CT_adult
JAC23a	JAC23a_33	JAC	CT	CT_adult
JAC23a	JAC23a_34	JAC	CT	CT_adult
JAC23a	JAC23a_35	JAC	CT	CT_adult
JAC23a	JAC23a_36	JAC	CT	CT_adult
JAC23a	JAC23a_37	JAC	CT	CT_adult
JAC23a	JAC23a_38	JAC	CT	CT_adult
JAC23a	JAC23a_39	JAC	CT	CT_adult
JAC23a	JAC23a_40	JAC	CT	CT_adult
JAC23a	JAC23a_41	JAC	CT	CT_adult
JAC23a	JAC23a_42	JAC	CT	CT_adult
JAC23a	JAC23a_43	JAC	CT	CT_adult
QUR23a	QUR23a_1	QUR	CT	CT_adult
QUR23a	QUR23a_3	QUR	CT	CT_adult
QUR23a	QUR23a_4	QUR	CT	CT_adult
QUR23a	QUR23a_5	QUR	CT	CT_adult
QUR23a	QUR23a_6	QUR	CT	CT_adult
QUR23a	QUR23a_7	QUR	CT	CT_adult
QUR23a	QUR23a_8	QUR	CT	CT_adult
QUR23a	QUR23a_9	QUR	CT	CT_adult
QUR23a	QUR23a_10	QUR	CT	CT_adult
QUR23a	QUR23a_11	QUR	CT	CT_adult
QUR23a	QUR23a_12	QUR	CT	CT_adult
QUR23a	QUR23a_13	QUR	CT	CT_adult
QUR23a	QUR23a_14	QUR	CT	CT_adult
QUR23a	QUR23a_15	QUR	CT	CT_adult
QUR23a	QUR23a_16	QUR	CT	CT_adult
QUR23a	QUR23a_17	QUR	CT	CT_adult
QUR23a	QUR23a_18	QUR	CT	CT_adult
QUR23a	QUR23a_19	QUR	CT	CT_adult
QUR23a	QUR23a_20	QUR	CT	CT_adult
QUR23a	QUR23a_22	QUR	CT	CT_adult
QUR23a	QUR23a_23	QUR	CT	CT_adult
QUR23a	QUR23a_24	QUR	CT	CT_adult
QUR23a	QUR23a_25	QUR	CT	CT_adult
QUR23a	QUR23a_26	QUR	CT	CT_adult
QUR23a	QUR23a_27	QUR	CT	CT_adult
QUR23a	QUR23a_28	QUR	CT	CT_adult
QUR23a	QUR23a_29	QUR	CT	CT_adult
QUR23a	QUR23a_31	QUR	CT	CT_adult
STP23a	STP23a_7	SPT	CT	CT_adult
STP23a	STP23a_8	SPT	CT	CT_adult
STP23a	STP23a_9	SPT	CT	CT_adult
STP23a	STP23a_10	SPT	CT	CT_adult
STP23a	STP23a_11	SPT	CT	CT_adult
STP23a	STP23a_12	SPT	CT	CT_adult
STP23a	STP23a_13	SPT	CT	CT_adult
STP23a	STP23a_14	SPT	CT	CT_adult
STP23a	STP23a_15	SPT	CT	CT_adult
STP23a	STP23a_16	SPT	CT	CT_adult
STP23a	STP23a_17	SPT	CT	CT_adult
STP23a	STP23a_18	SPT	CT	CT_adult
STP23a	STP23a_19	SPT	CT	CT_adult
STP23a	STP23a_20	SPT	CT	CT_adult
STP23a	STP23a_21	SPT	CT	CT_adult
STP23a	STP23a_22	SPT	CT	CT_adult
STP23a	STP23a_23	SPT	CT	CT_adult
STP23a	STP23a_24	SPT	CT	CT_adult
STP23a	STP23a_25	SPT	CT	CT_adult
STP23a	STP23a_26	SPT	CT	CT_adult
STP23a	STP23a_27	SPT	CT	CT_adult
STP23a	STP23a_28	SPT	CT	CT_adult
STP23a	STP23a_29	SPT	CT	CT_adult
STP23a	STP23a_30	SPT	CT	CT_adult
STP23a	STP23a_39	SPT	CT	CT_adult
STP23a	STP23a_40	SPT	CT	CT_adult
STP23a	STP23a_41	SPT	CT	CT_adult
STP23a	STP23a_42	SPT	CT	CT_adult
STP23a	STP23a_43	SPT	CT	CT_adult
STP23a	STP23a_44	SPT	CT	CT_adult
STP23a	STP23a_45	SPT	CT	CT_adult
STP23a	STP23a_46	SPT	CT	CT_adult
STP23a	STP23a_47	SPT	CT	CT_adult
STP23a	STP23a_48	SPT	CT	CT_adult
STP23a	STP23a_49	SPT	CT	CT_adult
STP23a	STP23a_50	SPT	CT	CT_adult
TOC23a	TOC23a_9	TOC	CT	CT_adult
TOC23a	TOC23a_10	TOC	CT	CT_adult
TOC23a	TOC23a_11	TOC	CT	CT_adult
TOC23a	TOC23a_12	TOC	CT	CT_adult
TOC23a	TOC23a_13	TOC	CT	CT_adult
TOC23a	TOC23a_14	TOC	CT	CT_adult
TOC23a	TOC23a_15	TOC	CT	CT_adult
TOC23a	TOC23a_16	TOC	CT	CT_adult
TOC23a	TOC23a_17	TOC	CT	CT_adult
TOC23a	TOC23a_18	TOC	CT	CT_adult
TOC23a	TOC23a_19	TOC	CT	CT_adult
TOC23a	TOC23a_20	TOC	CT	CT_adult
TOC23a	TOC23a_21	TOC	CT	CT_adult
TOC23a	TOC23a_22	TOC	CT	CT_adult
TOC23a	TOC23a_23	TOC	CT	CT_adult
TOC23a	TOC23a_24	TOC	CT	CT_adult
TOC23a	TOC23a_33	TOC	CT	CT_adult
TOC23a	TOC23a_35	TOC	CT	CT_adult
TOC23a	TOC23a_36	TOC	CT	CT_adult
TOC23a	TOC23a_37	TOC	CT	CT_adult
TOC23a	TOC23a_38	TOC	CT	CT_adult
TOC23a	TOC23a_39	TOC	CT	CT_adult
TOC23a	TOC23a_40	TOC	CT	CT_adult
TOC23a	TOC23a_41	TOC	CT	CT_adult
TOC23a	TOC23a_42	TOC	CT	CT_adult
TOC23a	TOC23a_43	TOC	CT	CT_adult
TOC23a	TOC23a_45	TOC	CT	CT_adult
TOC23a	TOC23a_46	TOC	CT	CT_adult
TOC23a	TOC23a_47	TOC	CT	CT_adult
TOC23a	TOC23a_48	TOC	CT	CT_adult
TOC23a	TOC23a_49	TOC	CT	CT_adult
TOC23a	TOC23a_50	TOC	CT	CT_adult
